episode,target_id,round,relation_id,source_id,source_round,polarity,provenance
r2-2,2,2,rel_3e996315748c90db01313128,2,1,negative,own_task
r2-2,2,2,rel_0ec23f95219047c124dff3e7,2,1,negative,own_task
r2-2,2,2,rel_d66eac000ff94105366a5296,2,1,negative,own_task
r2-2,2,2,rel_2781b7c9ce0a2dde37039abf,2,1,negative,own_task
r2-44,44,2,rel_925ae92d64246652935bc1b2,53,1,positive,other_task
r2-44,44,2,rel_8b829e77a789c12ef03a5b11,41,1,positive,other_task
r2-69,69,2,rel_ca322b0f720f64e916cab370,69,1,negative,own_task
r2-69,69,2,rel_0d16fb291022c890d3b65dc4,69,1,negative,own_task
r2-69,69,2,rel_4198aa11e18dd58513b9b666,69,1,negative,own_task
r2-124,124,2,rel_539be93ebb2313733c1a8fc4,124,1,negative,own_task
r2-124,124,2,rel_d3a2989160ea49283ec2cc1c,124,1,negative,own_task
r2-124,124,2,rel_3565568a568675ffce1451f9,124,1,negative,own_task
r2-124,124,2,rel_8a189c28fc6ac72f26cf2cb6,124,1,negative,own_task
r2-127,127,2,rel_17c6640da561c484b1e475e2,127,1,negative,own_task
r2-127,127,2,rel_579b2565c7900bf15f7825aa,127,1,negative,own_task
r2-127,127,2,rel_dccebcc66a79e5bad114fa79,127,1,negative,own_task
r2-127,127,2,rel_580c35b5b4e4d565e5f6e557,127,1,negative,own_task
r2-146,146,2,rel_35c8b158c606adf27e9a7944,146,1,negative,own_task
r2-146,146,2,rel_f85c9ff1ac3e206e7cb6c7e0,146,1,negative,own_task
r2-146,146,2,rel_f36ad874d8d4ac4a2074be0c,146,1,negative,own_task
r2-146,146,2,rel_8f7d28b0b1a587c077d1e6c5,146,1,negative,own_task
r2-235,235,2,rel_2644d4dc775c3b833e7486f4,235,1,negative,own_task
r2-235,235,2,rel_22522c417fc1e3e29a579c10,235,1,negative,own_task
r2-235,235,2,rel_ead94773e08df03498d5020e,235,1,positive,own_task
r2-235,235,2,rel_d6dbfea268cc909a40ef0034,180,1,positive,other_task
r2-289,289,2,rel_285c52e0d313a79025d24295,289,1,positive,own_task
r2-289,289,2,rel_011d35879ae49133b21c541f,289,1,positive,own_task
r2-289,289,2,rel_947e7eddd279f49f702a2043,289,1,positive,own_task
r2-289,289,2,rel_de091680dced0f8d076c9669,289,1,positive,own_task
r2-295,295,2,rel_17033d07a4e139254c61ac82,295,1,negative,own_task
r2-295,295,2,rel_06a98f7752f8ae6b297680b7,295,1,negative,own_task
r2-295,295,2,rel_9f88cf13ceed4ea8b414b46b,295,1,negative,own_task
r2-295,295,2,rel_cd900a964b037547ef1f1439,295,1,negative,own_task
r2-326,326,2,rel_53b4c3288702f6468c162634,326,1,negative,own_task
r2-326,326,2,rel_188d1a054fcd4d6adbc77ab3,326,1,negative,own_task
r2-326,326,2,rel_3915062a21a79f4b517f565b,326,1,negative,own_task
r2-328,328,2,rel_b70eefe71de35a95aa1d79f2,328,1,negative,own_task
r2-328,328,2,rel_cb188622c821c537475800aa,328,1,negative,own_task
r2-328,328,2,rel_8c2ac1d5a59b9c7f8f4a3d02,328,1,negative,own_task
r2-328,328,2,rel_58cf7fca17863dba801668eb,328,1,negative,own_task
r2-339,339,2,rel_81e664094d20bb74b546d485,339,1,negative,own_task
r2-339,339,2,rel_79b0aa8ff133de72453841b8,339,1,negative,own_task
r2-339,339,2,rel_e9dede5efcc405beca2a7fcf,339,1,negative,own_task
r2-340,340,2,rel_65050f4a1f4ed739ce61bf9a,340,1,positive,own_task
r2-340,340,2,rel_f77fb9845a884c3ecf0786c9,340,1,negative,own_task
r2-340,340,2,rel_0f45be718b48b60b143565bd,340,1,negative,own_task
r2-340,340,2,rel_bb0af60378899859574b8759,340,1,positive,own_task
r2-347,347,2,rel_d51aaf054d4823ed6b0a395d,347,1,positive,own_task
r2-347,347,2,rel_54b635777c73058e33d1c424,347,1,negative,own_task
r2-347,347,2,rel_fdfcde76f251e60bf8c4df25,347,1,negative,own_task
r2-381,381,2,rel_1bd440bdedc6ee423ad81a74,381,1,negative,own_task
r2-381,381,2,rel_4607b4e8c1f89055fa8022ee,381,1,negative,own_task
r2-381,381,2,rel_c50934ea756aeaa02c004477,381,1,negative,own_task
r2-381,381,2,rel_ee6fe1bd7543cee218d691f7,389,1,positive,other_task
r2-385,385,2,rel_fe4dcceec7b503d3545e73bc,385,1,positive,own_task
r2-385,385,2,rel_b3d49948a622ca975ee632ce,385,1,negative,own_task
r2-385,385,2,rel_b305e88970c04e9b0f2aa4ce,385,1,negative,own_task
r2-385,385,2,rel_7c3bcacb788a817a82440552,962,1,positive,other_task
r2-480,480,2,rel_0097ab5f82301a6c82f43c39,480,1,negative,own_task
r2-480,480,2,rel_739377b3e465b5f4e1c7d4eb,480,1,negative,own_task
r2-480,480,2,rel_cdc2862586c961567ce8e3ee,480,1,negative,own_task
r2-480,480,2,rel_af808bb7f57abaa17e04732b,480,1,positive,own_task
r2-495,495,2,rel_707b12201499e6c4bde2667d,495,1,negative,own_task
r2-495,495,2,rel_3604f3162709f1be9a7b0a9b,495,1,negative,own_task
r2-495,495,2,rel_551b7266e1c7cb020daa6b06,495,1,negative,own_task
r2-495,495,2,rel_c2b375e1bc8fb20878c16119,495,1,negative,own_task
r2-499,499,2,rel_519f6bd348e05c150a3f93f3,499,1,negative,own_task
r2-499,499,2,rel_5345d5c73ada50385e0367c4,499,1,negative,own_task
r2-499,499,2,rel_7bf15b1f412ced0ea37eb61e,499,1,negative,own_task
r2-499,499,2,rel_b85705cf3a75324d1cc85e8e,499,1,negative,own_task
r2-501,501,2,rel_b2e49817c9e8bf6c340a8fdb,501,1,negative,own_task
r2-501,501,2,rel_68ea040ffd4006f5557842f3,501,1,negative,own_task
r2-501,501,2,rel_e96e99e1bbcced6181647d45,501,1,negative,own_task
r2-501,501,2,rel_ba76dc0865a2f842a7410209,501,1,negative,own_task
r2-514,514,2,rel_c4e7715cfef87789ccffb47f,514,1,negative,own_task
r2-514,514,2,rel_68077f555111d24788b31160,514,1,negative,own_task
r2-514,514,2,rel_0a415d54ce4df05ec7d23a32,514,1,positive,own_task
r2-514,514,2,rel_169008ee4c905221e4245708,579,1,negative,other_task
r2-579,579,2,rel_c31d057da89e1e9936000ae5,579,1,negative,own_task
r2-579,579,2,rel_8f83d9db8c82a51410f79ca1,579,1,negative,own_task
r2-579,579,2,rel_f448e54f1142f2b459145c40,579,1,negative,own_task
r2-579,579,2,rel_aa48a3ecbdeb92e6113eb2ac,578,1,positive,other_task
r2-586,586,2,rel_d06609f6e95d144cbe4d4874,586,1,negative,own_task
r2-586,586,2,rel_dac5b0faa45d1f6728f3ad7a,586,1,negative,own_task
r2-586,586,2,rel_13bf007c2d072d3d5cce0a4d,574,1,positive,other_task
r2-586,586,2,rel_19f647d5ae25998bf0ac73aa,574,1,positive,other_task
r2-594,594,2,rel_0d6496b438277a5e2502259e,567,1,positive,other_task
r2-594,594,2,rel_5149e3e147742fc5650ee148,594,1,positive,own_task
r2-594,594,2,rel_55c61f879f755ae91ced7150,594,1,positive,own_task
r2-594,594,2,rel_f5decec1c9b029c9e537c187,594,1,positive,own_task
r2-598,598,2,rel_fbdc009b410c426af99a9bcc,598,1,negative,own_task
r2-598,598,2,rel_5f7ac2e932136df6b4fd9b86,598,1,negative,own_task
r2-598,598,2,rel_c21fa0300936e5167810c984,598,1,negative,own_task
r2-598,598,2,rel_6e8cbfcbfff72ee0c885033a,598,1,negative,own_task
r2-603,603,2,rel_7c70d252024a97a7a349fb01,603,1,negative,own_task
r2-603,603,2,rel_356d0a2274b3ea865956b664,603,1,negative,own_task
r2-603,603,2,rel_9555fdf402d46d9cdc223279,603,1,negative,own_task
r2-605,605,2,rel_dc9a800e2e4cb92915cea3ee,605,1,negative,own_task
r2-605,605,2,rel_97800ba0bf2f30e193c9f787,605,1,negative,own_task
r2-605,605,2,rel_7d024b1dda00f0ce953d7c7d,605,1,negative,own_task
r2-605,605,2,rel_3b61d211c6d6f00d8dbfb51c,605,1,negative,own_task
r2-606,606,2,rel_fd37c8cd367d6694f30ae7bb,606,1,negative,own_task
r2-606,606,2,rel_fbac289a0a6489f820161206,606,1,negative,own_task
r2-606,606,2,rel_43a5b6153388935e4cb57d85,360,1,positive,other_task
r2-606,606,2,rel_7254d90e2ee247cff4a43a4e,318,1,positive,other_task
r2-609,609,2,rel_9fcc9f1a56cea8495018cfcf,609,1,negative,own_task
r2-609,609,2,rel_bbdd72e5d1f22bd8d2a98b86,609,1,negative,own_task
r2-609,609,2,rel_fda58137ac756b2fb390908d,609,1,negative,own_task
r2-609,609,2,rel_3b35de3f9695857d579b1ed9,609,1,negative,own_task
r2-612,612,2,rel_b2f86f9bc5111ce35ca2a87b,612,1,negative,own_task
r2-612,612,2,rel_e21e776b3052cbf2d043622c,612,1,negative,own_task
r2-612,612,2,rel_2a5a48e03b8c109d57a75316,612,1,negative,own_task
r2-612,612,2,rel_86563aa2096135109adae69a,612,1,negative,own_task
r2-614,614,2,rel_bd678b3e12ec884a2501e327,614,1,negative,own_task
r2-614,614,2,rel_acde3f8c363182be12789d93,614,1,negative,own_task
r2-614,614,2,rel_2037c5c8fce4a08f554e60f5,614,1,negative,own_task
r2-615,615,2,rel_f59624ba75879cd78c7e6df5,615,1,negative,own_task
r2-615,615,2,rel_b168a10bffab2d864ada2ca8,615,1,negative,own_task
r2-615,615,2,rel_a7266d0d1bf6cd229088a119,615,1,negative,own_task
r2-618,618,2,rel_359002c809b91012d678f514,618,1,negative,own_task
r2-618,618,2,rel_174ffbd1859b67c32ee67225,618,1,negative,own_task
r2-618,618,2,rel_75168a4571f9b1c50dbd69ef,618,1,negative,own_task
r2-618,618,2,rel_0d400cc5323af1411a12aaf7,618,1,negative,own_task
r2-624,624,2,rel_e6b2e56e4d8238884d5e3dfc,803,1,positive,other_task
r2-624,624,2,rel_2c465e49ff00cf6923ecc14b,803,1,positive,other_task
r2-624,624,2,rel_c5989dfce287f2e9124359f7,624,1,negative,own_task
r2-624,624,2,rel_9f66d795900afdfc50034b17,624,1,negative,own_task
r2-626,626,2,rel_68909e9dbc83dd76ffcea222,626,1,negative,own_task
r2-626,626,2,rel_1d7f649a6792fa4d8b23f4cd,626,1,negative,own_task
r2-626,626,2,rel_5e49d0f06b48fe91c4f9c744,626,1,negative,own_task
r2-626,626,2,rel_e6b2e56e4d8238884d5e3dfc,803,1,positive,other_task
r2-629,629,2,rel_289ca31d1d379b7fbf89d940,629,1,negative,own_task
r2-629,629,2,rel_5434f01493621ddf5c4db2e2,629,1,negative,own_task
r2-629,629,2,rel_21644c7511f29b59f757fb82,859,1,positive,other_task
r2-630,630,2,rel_b3ab82b3151ea9b2dd2c5a45,630,1,negative,own_task
r2-630,630,2,rel_5ef08347c6e46f9fade6e7e8,630,1,negative,own_task
r2-630,630,2,rel_f0e20e3b4be791a036903d88,630,1,negative,own_task
r2-630,630,2,rel_aab46779d7c6282eb43107f4,630,1,negative,own_task
r2-631,631,2,rel_c295500591dae4ec1f175bc9,631,1,negative,own_task
r2-631,631,2,rel_31f84f3f32af41d22e6b22c1,631,1,negative,own_task
r2-631,631,2,rel_c9e075e5e4ffd7d3a80eaa4e,631,1,negative,own_task
r2-631,631,2,rel_00728140efda7843f61a54ff,631,1,negative,own_task
r2-640,640,2,rel_ab76073925c497559e92aa5e,640,1,negative,own_task
r2-640,640,2,rel_708ae6aec51f55d79b2bfbc4,640,1,negative,own_task
r2-640,640,2,rel_706a79c2e9c9b9b1da790e0b,640,1,negative,own_task
r2-640,640,2,rel_a3a206fe0b65a777b7188061,640,1,negative,own_task
r2-644,644,2,rel_1867242c7a9f625a3a680478,644,1,negative,own_task
r2-644,644,2,rel_5feecd09b51aca03b7807ec0,644,1,negative,own_task
r2-644,644,2,rel_c62c4bb2735ffe25e060bdf3,644,1,negative,own_task
r2-644,644,2,rel_2abf2cdeb9d6deaf2074ef4e,644,1,negative,own_task
r2-648,648,2,rel_8be5d6e8b078d42ff6060849,648,1,negative,own_task
r2-648,648,2,rel_c3f3a9b858c0d443d8419191,648,1,negative,own_task
r2-648,648,2,rel_9b4272200a26a255122c7612,648,1,negative,own_task
r2-648,648,2,rel_8a5132332302c4c21cf42902,648,1,negative,own_task
r2-657,657,2,rel_f830c4fed40052d9471b332e,657,1,negative,own_task
r2-657,657,2,rel_536edbc2abc6df26a804fcb5,657,1,negative,own_task
r2-657,657,2,rel_8775452d49865222d4ea04a0,657,1,negative,own_task
r2-657,657,2,rel_6ec25c053547ac4fcb18e789,657,1,negative,own_task
r2-673,673,2,rel_08ab9f57d0dbdae87fb81cda,673,1,negative,own_task
r2-673,673,2,rel_8071ccc5efbed6e1db7b542e,673,1,negative,own_task
r2-673,673,2,rel_efa61ba24c23543de8bf3a98,673,1,negative,own_task
r2-673,673,2,rel_b08a1dbcfa333492d31b49b0,673,1,negative,own_task
r2-674,674,2,rel_7b96bb5d272d8b15ff92df07,674,1,negative,own_task
r2-674,674,2,rel_efbad759470150357381cedf,674,1,negative,own_task
r2-674,674,2,rel_e473aabc9870bc5dfeb4beba,674,1,negative,own_task
r2-674,674,2,rel_72a57e3cf714772018d8a678,674,1,negative,own_task
r2-679,679,2,rel_582a6196b207bba80725c8bb,679,1,negative,own_task
r2-679,679,2,rel_418c49a726a749295e50d044,679,1,negative,own_task
r2-679,679,2,rel_06b15d12624c9138fdc565a0,679,1,positive,own_task
r2-679,679,2,rel_c657d924ce02a83f6b9be901,679,1,negative,own_task
r2-680,680,2,rel_dc4000b8b8da5b91c3374ade,680,1,negative,own_task
r2-680,680,2,rel_fe1b321f9bc15b1acf8ecbd4,680,1,negative,own_task
r2-680,680,2,rel_0e0ba239726f61fba81e7a37,680,1,negative,own_task
r2-680,680,2,rel_0cf73fdf475d2543445cc5ec,680,1,negative,own_task
r2-686,686,2,rel_d562db308f54299572931304,686,1,positive,own_task
r2-686,686,2,rel_fa5a75938eb48cb18eea2a9f,686,1,positive,own_task
r2-686,686,2,rel_909c374eff44cf267e3c3230,686,1,positive,own_task
r2-686,686,2,rel_3ff926527801b9c8a034de2d,686,1,positive,own_task
r2-692,692,2,rel_d562db308f54299572931304,686,1,positive,other_task
r2-692,692,2,rel_fa5a75938eb48cb18eea2a9f,686,1,positive,other_task
r2-692,692,2,rel_909c374eff44cf267e3c3230,686,1,positive,other_task
r2-692,692,2,rel_c03294faa88e4d74b5899c10,686,1,negative,other_task
r2-695,695,2,rel_85f334bbbafa4f304b48f1ec,695,1,positive,own_task
r2-695,695,2,rel_3fb514843826554acd1d8f56,695,1,positive,own_task
r2-695,695,2,rel_8203c316fc62df9c0a3797e0,695,1,negative,own_task
r2-695,695,2,rel_f0b45b3ba7a04a4c92e4d279,695,1,negative,own_task
r2-697,697,2,rel_2316541759ac50b4b1521934,697,1,negative,own_task
r2-697,697,2,rel_fe87b25748766a375b4c490e,697,1,negative,own_task
r2-697,697,2,rel_ac1516c58ffa100ba0aa3e50,697,1,negative,own_task
r2-697,697,2,rel_7e11d658831d5a15bb0982ab,697,1,negative,own_task
r2-700,700,2,rel_2de08b1bc2ff51464d479538,700,1,negative,own_task
r2-700,700,2,rel_df9f10a83a51026576077860,700,1,negative,own_task
r2-700,700,2,rel_0b24237622845934362593ee,700,1,negative,own_task
r2-700,700,2,rel_93d2b5b729ea5ffc092ff95b,700,1,negative,own_task
r2-709,709,2,rel_a003321f04e673eb96fb54fd,709,1,negative,own_task
r2-709,709,2,rel_1e549a36a5c38f001798ecb6,709,1,negative,own_task
r2-709,709,2,rel_156a826ed4a874bd6e5b4fd6,709,1,negative,own_task
r2-709,709,2,rel_741a6780a0110d023da909d6,699,1,positive,other_task
r2-712,712,2,rel_5d57c797b3a47dd5958f1e1a,712,1,negative,own_task
r2-712,712,2,rel_4d4b4f8f00884749479dbd19,712,1,negative,own_task
r2-712,712,2,rel_521ab93cdfb89f9c641f92c9,712,1,negative,own_task
r2-712,712,2,rel_99c5383510c5293649314a8b,712,1,negative,own_task
r2-714,714,2,rel_82e43ccaa4053cd479ede21b,714,1,positive,own_task
r2-714,714,2,rel_f102fb034a18c93e3720bbf8,714,1,positive,own_task
r2-714,714,2,rel_1c2fba424ee7156936ef59b5,714,1,negative,own_task
r2-714,714,2,rel_9137e3756a09416031041c96,847,1,negative,other_task
r2-718,718,2,rel_b51034e5fbc3b6833ce1e29d,718,1,positive,own_task
r2-718,718,2,rel_f7f2e040dc750652764ef658,718,1,positive,own_task
r2-718,718,2,rel_e4f9e12d2253522bf9de3119,718,1,positive,own_task
r2-718,718,2,rel_1a8d485ca326cae93e320948,718,1,negative,own_task
r2-720,720,2,rel_766c0797d4f97efdad0fc3e6,720,1,negative,own_task
r2-720,720,2,rel_97b4d09da643acf46a6028f9,720,1,negative,own_task
r2-720,720,2,rel_457afe9b0357307fa8f70790,720,1,positive,own_task
r2-720,720,2,rel_cff417539e7a46c034358bba,720,1,positive,own_task
r2-727,727,2,rel_f9f80e3dc430f265fc3d2830,727,1,negative,own_task
r2-727,727,2,rel_62dba7e8514ee5ecf54a6c7b,727,1,negative,own_task
r2-727,727,2,rel_10d83e8e1b56ed893bf5420d,727,1,negative,own_task
r2-727,727,2,rel_bc7c883ff2128d33b9a23a5e,727,1,negative,own_task
r2-746,746,2,rel_358e4a3f8ea315ac436d19d4,746,1,positive,own_task
r2-746,746,2,rel_c98b693dc6e75c41b4557e0e,746,1,positive,own_task
r2-746,746,2,rel_f5cb2297d8d7c6b8acc8abcd,746,1,positive,own_task
r2-746,746,2,rel_5797243687130cce81e9e111,746,1,positive,own_task
r2-747,747,2,rel_c9dbdf324f66ebdd8521928c,747,1,negative,own_task
r2-750,750,2,rel_013355d781b10af666c76d5d,750,1,negative,own_task
r2-750,750,2,rel_f24a352af066c8744b705d40,750,1,negative,own_task
r2-750,750,2,rel_7ab2b33600503d95dc37efa7,750,1,positive,own_task
r2-750,750,2,rel_8048fc81ade2ab7e2b37cbf0,750,1,positive,own_task
r2-754,754,2,rel_ccc1f262fcc41e998c38b422,754,1,negative,own_task
r2-754,754,2,rel_aab8242dc99573402c64051d,754,1,negative,own_task
r2-754,754,2,rel_68c2229f5c91bc5dbcc8f77a,754,1,negative,own_task
r2-754,754,2,rel_01a224ed5b85b02230409f50,754,1,positive,own_task
r2-755,755,2,rel_73078263aedefc53756183a4,755,1,negative,own_task
r2-755,755,2,rel_924218bb0170ff0364d40816,755,1,positive,own_task
r2-755,755,2,rel_11d0854cd628d3fc20ffaa17,755,1,positive,own_task
r2-755,755,2,rel_c72c7c333ddc6b1f20ec4d23,755,1,positive,own_task
r2-760,760,2,rel_47b009eb3679f1a285d117f5,760,1,negative,own_task
r2-760,760,2,rel_5369569d883afe94d7b6a0b7,760,1,negative,own_task
r2-760,760,2,rel_363d94cb01754eaa282746ac,760,1,negative,own_task
r2-760,760,2,rel_66a78d2611e379bc890b2223,760,1,negative,own_task
r2-763,763,2,rel_c322eca7a2dc5872d8e17028,763,1,negative,own_task
r2-763,763,2,rel_00c85b898d569259f9a039f2,763,1,negative,own_task
r2-763,763,2,rel_90faa3441b12855d47f1a011,764,1,negative,other_task
r2-764,764,2,rel_e66e85b962c9a162fc5a3733,764,1,negative,own_task
r2-764,764,2,rel_8887866963dbf5a7caffb518,764,1,negative,own_task
r2-764,764,2,rel_e426b86698385e0058efbfe3,764,1,negative,own_task
r2-764,764,2,rel_90faa3441b12855d47f1a011,764,1,negative,own_task
r2-771,771,2,rel_a9c73cebcb92a941494d89f4,771,1,negative,own_task
r2-771,771,2,rel_a9ee2591093206017670dac0,772,1,positive,other_task
r2-771,771,2,rel_74f6ec9bf454892b74be0a2c,772,1,positive,other_task
r2-771,771,2,rel_f4d32c86d024a7d7e39b23ae,771,1,negative,own_task
r2-777,777,2,rel_859b734d16f793b1e6dc18f5,777,1,negative,own_task
r2-777,777,2,rel_1689504ea40f176da8fbc226,777,1,negative,own_task
r2-777,777,2,rel_9bcd0d85440b2f84bf202f66,777,1,negative,own_task
r2-777,777,2,rel_5618d4fad6fe2693a43b8786,777,1,negative,own_task
r2-778,778,2,rel_6b534465a141a69549399b50,778,1,positive,own_task
r2-778,778,2,rel_9b4b077a0272b91286097848,778,1,positive,own_task
r2-778,778,2,rel_e480cd688fcf5d34ccb48a3d,778,1,positive,own_task
r2-778,778,2,rel_b3a98eaaa6fccc84eb32ffc0,778,1,negative,own_task
r2-784,784,2,rel_41dcd82f27b4505fc7d7f098,784,1,negative,own_task
r2-784,784,2,rel_6e63d9b59f22c4ff4f110b3a,784,1,negative,own_task
r2-784,784,2,rel_7ff7ded1ef1841c31e5ac70d,784,1,negative,own_task
r2-784,784,2,rel_65aab9b1f8ee28b1d58fa427,784,1,negative,own_task
r2-798,798,2,rel_bc65f7336a4e1bab04f1b24a,798,1,negative,own_task
r2-798,798,2,rel_e97d1acae8c64db8367f5880,798,1,negative,own_task
r2-798,798,2,rel_d376688e650103d5375fe2d6,798,1,negative,own_task
r2-798,798,2,rel_7e411f964efd606e45acd0f6,798,1,negative,own_task
r2-804,804,2,rel_a736f87b8b9b9880e8895ad4,863,1,positive,other_task
r2-804,804,2,rel_baa6bb6160215d918fab0bda,863,1,positive,other_task
r2-804,804,2,rel_53084340a99190b5318bc977,863,1,positive,other_task
r2-804,804,2,rel_fc54927bf8eb766bcc8a8137,863,1,positive,other_task
r2-812,812,2,rel_e13a2c72fef79b088903c5ca,812,1,positive,own_task
r2-812,812,2,rel_5556e60150303be72befca40,812,1,positive,own_task
r2-812,812,2,rel_ff1f0ea4e78a7093b84ff615,812,1,negative,own_task
r2-812,812,2,rel_65222173fd1b9158aea5b00e,812,1,negative,own_task
r2-817,817,2,rel_4b038caf44e4379bfbac64aa,817,1,negative,own_task
r2-817,817,2,rel_8b5f35d16d26e56d6ead168b,817,1,negative,own_task
r2-817,817,2,rel_60c6c761f93321cee3db716a,817,1,positive,own_task
r2-817,817,2,rel_4bbbcbc105a1b1ab3ef757ad,817,1,positive,own_task
r2-822,822,2,rel_cbc4600c4fa95e4ea5cfd620,822,1,positive,own_task
r2-822,822,2,rel_6fb778ee6c8d1181a43e9007,822,1,positive,own_task
r2-822,822,2,rel_5e96719147c72e87e7bd35bb,822,1,negative,own_task
r2-822,822,2,rel_acc3785e4a49be7def669ffa,822,1,negative,own_task
r2-824,824,2,rel_79d8837b0a6c44e2ad078565,824,1,negative,own_task
r2-824,824,2,rel_096996c7b2385f164c20fc0d,824,1,negative,own_task
r2-824,824,2,rel_e66c9d0acdd58ab4508b22ea,824,1,negative,own_task
r2-824,824,2,rel_6ba5ffac0bc4db27d14948f9,824,1,negative,own_task
r2-825,825,2,rel_bd8ce2210dd9da201604c596,825,1,negative,own_task
r2-825,825,2,rel_412f4daf7df36b661036cd39,825,1,negative,own_task
r2-825,825,2,rel_3296b76afa63f069d807fa95,825,1,negative,own_task
r2-825,825,2,rel_f6a4683c311c6592574eb6be,824,1,negative,other_task
r2-828,828,2,rel_809ecefe662c5ace70ed179a,828,1,negative,own_task
r2-828,828,2,rel_3592b97e37f8b3e6ef6f4c35,828,1,negative,own_task
r2-828,828,2,rel_609ad50e7a74b1577525c506,828,1,negative,own_task
r2-828,828,2,rel_f3bbbd2207c1d739dfe3d760,828,1,negative,own_task
r2-831,831,2,rel_ac2b3c9892dc0d01970d5511,867,1,positive,other_task
r2-831,831,2,rel_8811f1775321470da4205294,867,1,positive,other_task
r2-831,831,2,rel_a586d81f25745ffeabfc4e34,831,1,negative,own_task
r2-831,831,2,rel_5082988bc6913c66b8abdea1,831,1,negative,own_task
r2-833,833,2,rel_802ecc58f36faaae8f04d9bb,833,1,negative,own_task
r2-833,833,2,rel_33f64264d5a5089b2529ef7d,833,1,negative,own_task
r2-833,833,2,rel_7b9e107f3ede1053f72f6da3,833,1,negative,own_task
r2-833,833,2,rel_68fc830ee04164483eb744c7,833,1,negative,own_task
r2-834,834,2,rel_957354def53b46a6ec6b57af,834,1,negative,own_task
r2-834,834,2,rel_bc8ae9b0990392b6b9846cd2,834,1,negative,own_task
r2-834,834,2,rel_7d99dee62c6fa9d713404769,834,1,negative,own_task
r2-834,834,2,rel_f41103d52fe2aa38d1a6b6e3,834,1,negative,own_task
r2-835,835,2,rel_1f5672a7d20d4c307660325f,835,1,negative,own_task
r2-835,835,2,rel_7ed75121c851f0dc03ca29f9,835,1,negative,own_task
r2-835,835,2,rel_1d79245cd9e0a8126668e4a1,835,1,negative,own_task
r2-835,835,2,rel_46f8b80baa048c24ffa6523a,835,1,negative,own_task
r2-836,836,2,rel_26231c23c4372d9aa02db393,836,1,negative,own_task
r2-836,836,2,rel_0ee2d9a4d8012c560f854d45,836,1,negative,own_task
r2-836,836,2,rel_505a2aaef11f77fa8a0dc77f,836,1,negative,own_task
r2-836,836,2,rel_64427fd4f442eff3345e29d6,765,1,positive,other_task
r2-838,838,2,rel_3832514dea520519c8e912ce,838,1,negative,own_task
r2-838,838,2,rel_96fd12fde753cfd71a314984,838,1,negative,own_task
r2-838,838,2,rel_2fd905b15621213f5084d442,838,1,negative,own_task
r2-838,838,2,rel_578c26fda30bc5f68e4b94f6,838,1,negative,own_task
r2-840,840,2,rel_86996942147f414982dee492,840,1,negative,own_task
r2-840,840,2,rel_6ce7c7cdc353a2f7c5ec2511,840,1,negative,own_task
r2-840,840,2,rel_acfeaaf781aa863cb7a37bd8,840,1,negative,own_task
r2-840,840,2,rel_d39638020e0a4f97acc1dfbd,840,1,negative,own_task
r2-841,841,2,rel_0e4751c2549060679faef13c,841,1,negative,own_task
r2-841,841,2,rel_e0dac88234bf248cf136a340,841,1,negative,own_task
r2-841,841,2,rel_2c78525e41d8544c3e0a0647,870,1,positive,other_task
r2-841,841,2,rel_548d7a247110c90326c1fead,841,1,negative,own_task
r2-844,844,2,rel_89a62e93498ba33735ea012f,844,1,positive,own_task
r2-844,844,2,rel_232a662e5f8bed013f783cbc,844,1,negative,own_task
r2-844,844,2,rel_34ee3304856200c7dc288380,844,1,negative,own_task
r2-844,844,2,rel_dfccb251b5e5852ccc5ef539,844,1,negative,own_task
r2-847,847,2,rel_8440d996f940774c04c3767f,847,1,negative,own_task
r2-847,847,2,rel_30cd15f770e3595003c31840,847,1,negative,own_task
r2-847,847,2,rel_9137e3756a09416031041c96,847,1,negative,own_task
r2-856,856,2,rel_42f17cb69d2ab9943d688c4f,856,1,negative,own_task
r2-856,856,2,rel_6fcb16b6710d842e2ad67d17,856,1,negative,own_task
r2-856,856,2,rel_e0b81feed2ae9c7fb7c0ec46,856,1,negative,own_task
r2-856,856,2,rel_02ae5243f4cac34ac695f81b,856,1,negative,own_task
r2-862,862,2,rel_306865ee1e5abdce8b4eef08,862,1,negative,own_task
r2-862,862,2,rel_429f7048b4fd90cf2a8d5979,862,1,negative,own_task
r2-862,862,2,rel_5ddfee1d2a8de51b9d451910,862,1,negative,own_task
r2-862,862,2,rel_33c0e3de823d7e67ef153c67,862,1,negative,own_task
r2-868,868,2,rel_7a1ef77077d44105a48a9dcf,868,1,negative,own_task
r2-868,868,2,rel_ef58f24b6912f64c108821cc,868,1,negative,own_task
r2-868,868,2,rel_d0a2f79519da9ad7d66e1d8d,868,1,negative,own_task
r2-868,868,2,rel_ff2d747f1330be0e6b478a3f,868,1,negative,own_task
r2-869,869,2,rel_9b0b51c543549ed71338e410,869,1,negative,own_task
r2-869,869,2,rel_f978b807fa55b8695d0a6a25,869,1,negative,own_task
r2-869,869,2,rel_a2f5e4d631a4c118ee093d53,869,1,negative,own_task
r2-869,869,2,rel_ee905017de0677f9a5863d32,869,1,negative,own_task
r2-871,871,2,rel_dc81e3b8001354f59e99db9f,871,1,positive,own_task
r2-871,871,2,rel_d32443004f80d52eba8ba32b,871,1,positive,own_task
r2-871,871,2,rel_86d8f154ed4862a4a8d0760a,871,1,negative,own_task
r2-871,871,2,rel_93fabda918bc562941d290bf,871,1,negative,own_task
r2-873,873,2,rel_5e8591506cc16e273506539e,873,1,positive,own_task
r2-873,873,2,rel_9afb77dd2a76c943d9d42b5d,873,1,positive,own_task
r2-873,873,2,rel_14087be297ff641affe971e4,873,1,negative,own_task
r2-873,873,2,rel_8349dc60769924b6da992d72,873,1,negative,own_task
r2-874,874,2,rel_d3bc9dcaa5b678cbf59bd160,874,1,negative,own_task
r2-874,874,2,rel_b486769741808ee48eb382b3,874,1,negative,own_task
r2-874,874,2,rel_fb3c78e885f4f05ad2849fa6,874,1,negative,own_task
r2-874,874,2,rel_c7632440763b378cc9a64e6f,874,1,negative,own_task
r2-879,879,2,rel_12a13adaca474d2923352318,879,1,negative,own_task
r2-879,879,2,rel_4db4289a0788a594d460707b,879,1,negative,own_task
r2-879,879,2,rel_583d5b8c136e688bf87761d9,879,1,negative,own_task
r2-879,879,2,rel_fc89f669eeecfb2eb87fd915,879,1,negative,own_task
r2-880,880,2,rel_fe46f3d7e7f7ad2ba43058c2,880,1,negative,own_task
r2-880,880,2,rel_b9a96a3bf87d9c72abf4afc4,880,1,negative,own_task
r2-880,880,2,rel_4512ac149b4e68689bc9d112,845,1,positive,other_task
r2-880,880,2,rel_2a635a08053f5371ade73547,880,1,negative,own_task
r2-881,881,2,rel_09e3bb504b1d7c4cc89e8999,881,1,negative,own_task
r2-881,881,2,rel_f811cee8a1affe2c838ac91a,881,1,negative,own_task
r2-881,881,2,rel_f597c10a8b2302bd60bd6d53,881,1,negative,own_task
r2-881,881,2,rel_8875e1c48b486c45b7035d46,881,1,negative,own_task
r2-882,882,2,rel_875263b9ba38cbc34fe441da,882,1,negative,own_task
r2-882,882,2,rel_7b942fd1165ded26c6c9756b,883,1,negative,other_task
r2-882,882,2,rel_e5c92f9136e92b21c292cdd2,882,1,negative,own_task
r2-882,882,2,rel_d74dd4f22906728e7f5ee2ee,882,1,negative,own_task
r2-883,883,2,rel_7c520115ac79d98ca880f004,886,1,positive,other_task
r2-883,883,2,rel_ce50994c55284b81963c22e1,886,1,positive,other_task
r2-883,883,2,rel_7b942fd1165ded26c6c9756b,883,1,negative,own_task
r2-883,883,2,rel_ef597c2025f26fce9611933c,896,1,positive,other_task
r2-885,885,2,rel_36d355c40afa2e356b2b3391,885,1,positive,own_task
r2-885,885,2,rel_5a38e0983d3426b1f8e4ed01,885,1,positive,own_task
r2-885,885,2,rel_9686430368bce56fdf91959b,885,1,positive,own_task
r2-885,885,2,rel_1910e305bd4db8b6d56c46e8,885,1,negative,own_task
r2-902,902,2,rel_f33b0cb4e459c195636e4310,902,1,negative,own_task
r2-902,902,2,rel_558926d9ed2f47edbe39edb2,902,1,negative,own_task
r2-902,902,2,rel_511a3cb57bb7d8523781c0a5,902,1,negative,own_task
r2-902,902,2,rel_06ab09672aac98c4a4f5ecc7,902,1,negative,own_task
r2-906,906,2,rel_d792af3e6be0fccaad1cdbab,906,1,negative,own_task
r2-906,906,2,rel_1bdd38f9b30ca2739dfae635,906,1,negative,own_task
r2-906,906,2,rel_7c22c02b2b9dbbb961cbe10c,906,1,negative,own_task
r2-906,906,2,rel_d6d179b7b7a7324633d5c077,906,1,negative,own_task
r2-912,912,2,rel_363a744f80b8371e2ec2be8a,912,1,negative,own_task
r2-912,912,2,rel_54123d03f8296fa4f929ba81,912,1,negative,own_task
r2-912,912,2,rel_dabb25cc394a2a1322488e1a,979,1,positive,other_task
r2-912,912,2,rel_98d366f64a79be248ce36fe8,912,1,negative,own_task
r2-913,913,2,rel_b71ffe48bb8fa1483d6bd47e,913,1,negative,own_task
r2-913,913,2,rel_728e2d7467fd80652d3bcfe9,913,1,negative,own_task
r2-913,913,2,rel_ca14f82f7e0ad7dcb44c0cb0,923,1,positive,other_task
r2-913,913,2,rel_3d3d4aba7d0fe0b09cd9b5ba,944,1,positive,other_task
r2-917,917,2,rel_29712cdf9fa398b02da8d998,917,1,negative,own_task
r2-917,917,2,rel_4b393d589045afd67ed72551,917,1,negative,own_task
r2-917,917,2,rel_3b826e302c014a09f44bf552,917,1,negative,own_task
r2-917,917,2,rel_77023a65415ca7bf2e7ba790,916,1,positive,other_task
r2-919,919,2,rel_90ea8df8ba8acb9071bd28d9,919,1,negative,own_task
r2-919,919,2,rel_7f4c83f6b0f9c74bb283ec7c,919,1,negative,own_task
r2-919,919,2,rel_32146e1546a8bb81a62caa20,919,1,negative,own_task
r2-919,919,2,rel_1c641f2da9b35b5eef48e306,918,1,positive,other_task
r2-920,920,2,rel_fbb8da274ce4174c5973d994,920,1,negative,own_task
r2-920,920,2,rel_669105ba3d973e4af155c745,920,1,negative,own_task
r2-920,920,2,rel_0e534d0b8dcafbcc696eb880,920,1,negative,own_task
r2-920,920,2,rel_6320e7b10984ba3a1b917014,918,1,positive,other_task
r2-921,921,2,rel_956ce570bc4ae42d3d4dfc6c,924,1,positive,other_task
r2-921,921,2,rel_7fc902e3a1edd72db2b526c9,924,1,positive,other_task
r2-921,921,2,rel_88a51896f73d521134202c60,921,1,negative,own_task
r2-921,921,2,rel_0240e3adb7751ce1160e0891,921,1,negative,own_task
r2-934,934,2,rel_cab19e5b4919872510f1fbe8,934,1,positive,own_task
r2-934,934,2,rel_c478edeec81eb7e9bc88dd34,934,1,negative,own_task
r2-934,934,2,rel_8748bcf0d133f609a66c75ae,931,1,positive,other_task
r2-934,934,2,rel_831b76c2d3b8d1f21c0b710e,931,1,positive,other_task
r2-939,939,2,rel_e236495106ee5efa058c05bb,939,1,negative,own_task
r2-939,939,2,rel_31adbf3782bf9c6fc2bb7147,939,1,negative,own_task
r2-939,939,2,rel_6618410e11e55c305e04c15e,939,1,negative,own_task
r2-939,939,2,rel_773a4d1c4d29bf6fa50113be,939,1,negative,own_task
r2-940,940,2,rel_7bdcae474287c58857187be8,940,1,negative,own_task
r2-940,940,2,rel_76ffacc228ce27edddfdd78f,940,1,negative,own_task
r2-940,940,2,rel_fb864edc4b11050785905276,940,1,negative,own_task
r2-940,940,2,rel_097b05db61c2ceb647bd44d8,977,1,positive,other_task
r2-956,956,2,rel_d9cebfde3ba275e9cb377837,956,1,negative,own_task
r2-956,956,2,rel_c52dc88180a34ca369b27d45,956,1,negative,own_task
r2-956,956,2,rel_ad12b3ae68e1c213e41b7815,956,1,negative,own_task
r2-956,956,2,rel_730f5cae88bfcfaf7b118577,956,1,negative,own_task
r2-959,959,2,rel_e0d4bc2ea7e7df037f72f7a5,959,1,negative,own_task
r2-959,959,2,rel_e5098af4bc0e1db2955be8c8,959,1,negative,own_task
r2-959,959,2,rel_7754c9d77c45d2f099e4dc54,958,1,positive,other_task
r2-959,959,2,rel_dc432a6477711b78ac83d205,990,1,positive,other_task
r2-961,961,2,rel_4fd8d998fd46fbc79b0141bd,961,1,negative,own_task
r2-961,961,2,rel_a6c2002c879dde4f2f56e64f,961,1,negative,own_task
r2-961,961,2,rel_3addd1b9c5c4297864a599a4,961,1,negative,own_task
r2-961,961,2,rel_9030fbfc1890a529fb849269,961,1,negative,own_task
r2-964,964,2,rel_691813beebdd441689bdcb2a,964,1,positive,own_task
r2-964,964,2,rel_b5d7570ec95d5762a3ebdfca,964,1,positive,own_task
r2-964,964,2,rel_3d701dbb9e9bdffbe53fcaad,964,1,negative,own_task
r2-964,964,2,rel_3aa6cfbb8c586bac8e98c926,964,1,negative,own_task
r2-967,967,2,rel_5cc04f16ff9036568c2c319e,967,1,positive,own_task
r2-967,967,2,rel_3ccba364419264651c035bd6,967,1,positive,own_task
r2-967,967,2,rel_52584f1a0680b434ded6fcda,967,1,positive,own_task
r2-967,967,2,rel_553ab30b54fbf6edb69ac464,967,1,positive,own_task
r2-973,973,2,rel_ee2535ba9ac824d031eee15b,973,1,negative,own_task
r2-973,973,2,rel_4975a9e0962d89c99221efc4,973,1,negative,own_task
r2-973,973,2,rel_a3dd03de69eea12d699dda7b,973,1,negative,own_task
r2-973,973,2,rel_0ba7d44b2348b308e4f6351c,973,1,negative,own_task
r2-974,974,2,rel_2473a1c6e106223966a509e1,974,1,negative,own_task
r2-974,974,2,rel_f672368f12c29e9a4d0345ae,974,1,negative,own_task
r2-974,974,2,rel_f9cc7cbb84112a400459ecb7,974,1,negative,own_task
r2-974,974,2,rel_208850428744fc926df3cd07,909,1,positive,other_task
r2-984,984,2,rel_18e1d92210c709cc983dfca8,984,1,positive,own_task
r2-984,984,2,rel_4e0e3be7acd065317688e829,984,1,negative,own_task
r2-984,984,2,rel_dc432a6477711b78ac83d205,990,1,positive,other_task
r2-984,984,2,rel_1412a200b05f56ad0564017e,984,1,negative,own_task
r2-986,986,2,rel_a623960d9301b3d6a04a0422,986,1,negative,own_task
r2-986,986,2,rel_90a5de0320772c331b9a9a9c,986,1,negative,own_task
r2-986,986,2,rel_2faadef99b07f4baae216a5b,986,1,negative,own_task
r2-986,986,2,rel_ceece5df0b6f96bc5c9757ec,986,1,negative,own_task
r2-987,987,2,rel_f671ca32adeda8c9e7c71606,943,1,positive,other_task
r2-987,987,2,rel_3d3d4aba7d0fe0b09cd9b5ba,944,1,positive,other_task
r2-987,987,2,rel_47d56868860bc3f93b7c6e75,987,1,negative,own_task
r2-991,991,2,rel_c27ecfcbf6b63c89132d09ee,925,1,positive,other_task
r2-991,991,2,rel_2416881bd28cf5248864c34d,991,1,negative,own_task
r2-991,991,2,rel_d33c7f5d56d3bdb9289dedb8,991,1,negative,own_task
r2-991,991,2,rel_4aac12896a404d9b2ee419d4,925,1,positive,other_task
r3-44,44,3,rel_765d6239d9fea4c44c9de43f,44,2,negative,own_task
r3-44,44,3,rel_4a7acc86122674cd4dff413d,44,2,negative,own_task
r3-69,69,3,rel_b766b775d1fbf28a338f1d5d,69,2,negative,own_task
r3-69,69,3,rel_d3c06b62b7a8bed7f0acf805,69,2,negative,own_task
r3-124,124,3,rel_35394f7a849ae78a9e03475c,124,2,negative,own_task
r3-124,124,3,rel_f411766c3307ed159463095a,124,2,negative,own_task
r3-124,124,3,rel_34c72f9bcb2978021543db00,124,2,negative,own_task
r3-124,124,3,rel_17c4afb88b2cfe65094e177b,124,2,negative,own_task
r3-235,235,3,rel_acdba5e6ff2194c16109cc95,235,2,negative,own_task
r3-235,235,3,rel_f5df902602366c4340de66d3,235,2,negative,own_task
r3-295,295,3,rel_5cebce239e1164e0482fff26,295,2,negative,own_task
r3-295,295,3,rel_6a5de53e6b9f549912feb169,295,2,negative,own_task
r3-295,295,3,rel_9d0965756e354b8b33765721,295,2,negative,own_task
r3-295,295,3,rel_7c79c28ff86de3151da7a765,295,2,negative,own_task
r3-326,326,3,rel_9cbfc0426786e0021a149414,326,2,negative,own_task
r3-326,326,3,rel_33b4275c0533af212b4932c4,326,2,negative,own_task
r3-326,326,3,rel_43f7b96694ba62366e812448,326,2,negative,own_task
r3-328,328,3,rel_79487089483c2a9af6ab997a,328,2,negative,own_task
r3-328,328,3,rel_7dce9cfe57047ce8bfbe8a13,328,2,negative,own_task
r3-328,328,3,rel_ceaa2d925d0d5058aea4e113,328,2,negative,own_task
r3-328,328,3,rel_c8e5b7ed48aad6b4c91cdff4,328,2,negative,own_task
r3-339,339,3,rel_f00bd2ac9fbcea0d70a2c289,339,2,negative,own_task
r3-347,347,3,rel_d7cdb3c71dad3c7c1f955e35,347,2,negative,own_task
r3-347,347,3,rel_78d4d0a86b8f355403a708ae,347,2,negative,own_task
r3-385,385,3,rel_0b8ba4875421bab717ed0a3f,385,2,negative,own_task
r3-385,385,3,rel_2bcd89a71a027f6620f30eb4,385,2,negative,own_task
r3-385,385,3,rel_4dc175a3e1ed5207664621d7,385,2,negative,own_task
r3-480,480,3,rel_20bfae80b95ed77dcb4607f8,480,2,negative,own_task
r3-480,480,3,rel_fb358c36388482462ecd9db8,480,2,negative,own_task
r3-480,480,3,rel_701211f82d0bf302d639892a,480,2,negative,own_task
r3-480,480,3,rel_31608e638f19cc497e54442b,480,2,negative,own_task
r3-501,501,3,rel_7b13ac06158dd117beb83d40,501,2,negative,own_task
r3-501,501,3,rel_1bc03c42e5264014c476a8e7,501,2,negative,own_task
r3-501,501,3,rel_f03bc11e3848c59046a22787,501,2,negative,own_task
r3-501,501,3,rel_3b74cca102892079346b5fdb,501,2,negative,own_task
r3-594,594,3,rel_110a6dc40c08449120f7665f,594,2,negative,own_task
r3-594,594,3,rel_7673cf582161fa5d02f7c0bd,594,2,negative,own_task
r3-594,594,3,rel_aa2d9af7f3045c8a2c8c3071,579,2,positive,other_task
r3-598,598,3,rel_fd7e1aaa40c1998e586e01bd,598,2,negative,own_task
r3-598,598,3,rel_0d7cb2518668dcae550db2c7,598,2,negative,own_task
r3-598,598,3,rel_fec78c4450f900979408a6a6,579,2,positive,other_task
r3-605,605,3,rel_a1edccc6952f8c96869baaf3,605,2,negative,own_task
r3-605,605,3,rel_5a2a4385571dd0f396d35c5e,605,2,negative,own_task
r3-605,605,3,rel_23e2283d8f48583d0a37588e,605,2,negative,own_task
r3-605,605,3,rel_b1c8655cdfff389ec21deea3,605,2,negative,own_task
r3-624,624,3,rel_613c8e7d7a341c1cbe062406,624,2,negative,own_task
r3-624,624,3,rel_460e94778daeafef9840b303,624,2,negative,own_task
r3-624,624,3,rel_c2a2a4a50528d6f2075fcda3,624,2,negative,own_task
r3-624,624,3,rel_3987ed23c517bb38701ee91e,629,2,positive,other_task
r3-626,626,3,rel_ac3897386f5cad3b8408187c,626,2,negative,own_task
r3-626,626,3,rel_0c700344dd1187ed0e805c57,626,2,negative,own_task
r3-626,626,3,rel_f86f19ca5678d88eccea6e0f,626,2,negative,own_task
r3-626,626,3,rel_e278efbe801490a45112182b,626,2,negative,own_task
r3-630,630,3,rel_cb28ab5c1ff2d114ab13a2be,630,2,negative,own_task
r3-630,630,3,rel_eab5b54814f2bfa6682741bf,630,2,negative,own_task
r3-630,630,3,rel_bd6a50a4d6102ee66533fa44,630,2,negative,own_task
r3-630,630,3,rel_0c700344dd1187ed0e805c57,626,2,negative,other_task
r3-644,644,3,rel_8729f5b2e544e071a3840c9a,644,2,negative,own_task
r3-644,644,3,rel_0c0e6622ef52bf16d770f99a,644,2,negative,own_task
r3-644,644,3,rel_a7e27da263580d4bf5547c08,644,2,negative,own_task
r3-644,644,3,rel_b3e1b6f662556d844599c2ba,644,2,negative,own_task
r3-648,648,3,rel_d0dc70684b33f840d562d7db,648,2,negative,own_task
r3-648,648,3,rel_687a3db79005f7bd45188ddf,648,2,negative,own_task
r3-648,648,3,rel_eac6ecd7d640ad47ab84fc41,648,2,negative,own_task
r3-648,648,3,rel_42bb8abd32a2f38dbff1846a,648,2,negative,own_task
r3-657,657,3,rel_e005de4d56600bafff342911,657,2,negative,own_task
r3-657,657,3,rel_12ad1678b29a98012e495970,657,2,negative,own_task
r3-657,657,3,rel_05fa1d013f4e3ebdf3713c40,657,2,negative,own_task
r3-673,673,3,rel_f87064fde78f3ddb3c714307,673,2,negative,own_task
r3-673,673,3,rel_b72ddf140aef647a321019cc,673,2,negative,own_task
r3-673,673,3,rel_e73243cd27387fb80a8c3629,673,2,negative,own_task
r3-673,673,3,rel_a149ae16489bf8a2b3f59a95,673,2,negative,own_task
r3-680,680,3,rel_d9da463bf0a5d00efbbc3b12,680,2,negative,own_task
r3-680,680,3,rel_3ef82ceed791e769bfafd52d,680,2,negative,own_task
r3-680,680,3,rel_1294562e0eae4acac4b4eb1b,680,2,negative,own_task
r3-686,686,3,rel_901f92b7f02daa446eab8e46,692,2,positive,other_task
r3-686,686,3,rel_369f9e2ede0aa8bec515dd62,692,2,positive,other_task
r3-686,686,3,rel_5450ae410173b86567ec9f5b,692,2,positive,other_task
r3-686,686,3,rel_5eea63051ade7513a2999af1,692,2,positive,other_task
r3-700,700,3,rel_ae0326ee9f9fc77b77104606,700,2,negative,own_task
r3-700,700,3,rel_ccc4447b07109f3af78d3cf9,700,2,negative,own_task
r3-700,700,3,rel_1d34a7e73faf12615922ddd4,700,2,negative,own_task
r3-709,709,3,rel_54769371a00c61d8d1fb3cca,709,2,negative,own_task
r3-709,709,3,rel_d6111b697c51cb452ae425e9,709,2,negative,own_task
r3-709,709,3,rel_262a465a6fb26044baab4269,709,2,negative,own_task
r3-709,709,3,rel_d6f3437c872f58e3361dbf62,695,2,positive,other_task
r3-712,712,3,rel_6d3e95be668c85c88d2d99f1,712,2,negative,own_task
r3-712,712,3,rel_5d0f9fe652c4627feae1c3db,712,2,negative,own_task
r3-712,712,3,rel_68b77acc92a9e48bc2f2f200,712,2,negative,own_task
r3-712,712,3,rel_10d2ce5903f747a5a45cc1cd,712,2,negative,own_task
r3-714,714,3,rel_2eeb35bcebf56f6212478741,714,2,negative,own_task
r3-714,714,3,rel_58f3cc99725e0a15cf231ed5,714,2,negative,own_task
r3-714,714,3,rel_df413f0ecb7c7f78ad79b6ba,714,2,negative,own_task
r3-714,714,3,rel_229ab65f0437bcae7509417d,714,2,negative,own_task
r3-718,718,3,rel_9226d7d7b0a03df701f092d3,718,2,negative,own_task
r3-718,718,3,rel_906aa4077ee7fa0df3436a94,718,2,negative,own_task
r3-718,718,3,rel_99d05fa85910900f439f6b01,718,2,negative,own_task
r3-718,718,3,rel_bd9a35bdbb6c03cbb1fdfc60,718,2,negative,own_task
r3-720,720,3,rel_ceaf6a88027bc098a7bbcd96,720,2,negative,own_task
r3-720,720,3,rel_32983fadfbb8f0f47553ff8e,720,2,negative,own_task
r3-720,720,3,rel_6209e5c99ac0f1f97fc132b2,720,2,negative,own_task
r3-720,720,3,rel_cc478aaf13d3d371983ebff3,720,2,negative,own_task
r3-727,727,3,rel_b114b11ad2796e9909f3324d,727,2,negative,own_task
r3-727,727,3,rel_5619a00698496740c7eb40b2,727,2,negative,own_task
r3-727,727,3,rel_10909503e6f1d798553b6a38,727,2,negative,own_task
r3-727,727,3,rel_4492fdcdae06f974cb999b4d,727,2,negative,own_task
r3-747,747,3,rel_bacbf47509cfb8476c292a90,747,2,negative,own_task
r3-747,747,3,rel_58242f809978d4e58b1237dd,747,2,negative,own_task
r3-750,750,3,rel_2c1483ebe1f56442e9578255,750,2,negative,own_task
r3-750,750,3,rel_57364560bc0b8bcced9d0c31,750,2,negative,own_task
r3-750,750,3,rel_3a969ce4c077373da5096346,750,2,negative,own_task
r3-750,750,3,rel_5dd0747313938125656d8012,750,2,negative,own_task
r3-755,755,3,rel_994fe655435b7dd4cd39a672,755,2,negative,own_task
r3-755,755,3,rel_ed2cecc2da986ce4b68a6091,755,2,negative,own_task
r3-755,755,3,rel_878b470f3a55fbcb1f9049e6,755,2,negative,own_task
r3-760,760,3,rel_6821663ecdf0246122134c78,760,2,negative,own_task
r3-760,760,3,rel_1ff5a733d9b914899b2cd922,760,2,negative,own_task
r3-760,760,3,rel_7fd86e3b75caf6cd45806da4,760,2,negative,own_task
r3-760,760,3,rel_c1c5c026ecc8f53067314c78,760,2,negative,own_task
r3-771,771,3,rel_3cc0f3dd69ee2d603b479b43,771,2,negative,own_task
r3-771,771,3,rel_a81d947ddd7db5ef3aff714f,771,2,negative,own_task
r3-771,771,3,rel_9ea39eb9651c73451c8b8c55,771,2,negative,own_task
r3-778,778,3,rel_488906bab79c0a21e55a554d,883,2,positive,other_task
r3-778,778,3,rel_06966a3827c64198747d9f5d,778,2,negative,own_task
r3-778,778,3,rel_b1c8f48047ee2fba1eda4505,778,2,negative,own_task
r3-798,798,3,rel_54c789e4289231560912e84e,798,2,negative,own_task
r3-798,798,3,rel_f10ca02a942fbde8e799bc92,798,2,negative,own_task
r3-798,798,3,rel_395fe0bbc3f9b777077c4e28,798,2,negative,own_task
r3-812,812,3,rel_8091572cd5ef2265d92dadba,812,2,negative,own_task
r3-812,812,3,rel_69a693a400576828bafb801a,812,2,negative,own_task
r3-812,812,3,rel_1090138facb3328b096bb8ce,812,2,negative,own_task
r3-812,812,3,rel_14ed6d273feaeb26a7ed0788,812,2,negative,own_task
r3-817,817,3,rel_fa96301a0cbd9edccc3e2569,817,2,negative,own_task
r3-817,817,3,rel_e8b67ca65d705eed32856e68,817,2,negative,own_task
r3-822,822,3,rel_b3409d74f532b48d062e170f,822,2,negative,own_task
r3-822,822,3,rel_7e73e37d40a85b1b255192cb,822,2,negative,own_task
r3-825,825,3,rel_ec0c55360db09efcb467eccd,825,2,negative,own_task
r3-825,825,3,rel_1bd029525f0336db18dfeda4,825,2,negative,own_task
r3-825,825,3,rel_d181a8cb319bfdbc4dffd292,825,2,negative,own_task
r3-825,825,3,rel_6ca25932ed2cd5b25ae1d413,824,2,positive,other_task
r3-831,831,3,rel_ea6b39026b17c729c2d97a55,831,2,negative,own_task
r3-831,831,3,rel_0a41df34d52578864735dea8,831,2,negative,own_task
r3-831,831,3,rel_13ef5cf371e378a1a810879c,831,2,negative,own_task
r3-835,835,3,rel_e6690e61540ef86616433cc1,835,2,negative,own_task
r3-835,835,3,rel_35d7de1e04a9ad067282fcc6,835,2,negative,own_task
r3-835,835,3,rel_98cffd06dcbac872d75d953c,835,2,negative,own_task
r3-835,835,3,rel_60c09044c990273c72b7d436,835,2,negative,own_task
r3-836,836,3,rel_9736563909c7b489384e24ff,836,2,negative,own_task
r3-836,836,3,rel_473a60f521cc28ab454f764b,836,2,negative,own_task
r3-840,840,3,rel_a3fe2c943387ae89212ee3c9,840,2,negative,own_task
r3-840,840,3,rel_cf37ded8c7f7745f546c3562,840,2,negative,own_task
r3-840,840,3,rel_b450649cab9f68a828958cac,840,2,negative,own_task
r3-840,840,3,rel_39779a541f101cb83c496050,840,2,negative,own_task
r3-847,847,3,rel_bb79021cc8624705a9e19d28,847,2,negative,own_task
r3-847,847,3,rel_063f9c855250b2ec02265b32,847,2,negative,own_task
r3-847,847,3,rel_4ba5cb47c095b81296b53e0e,847,2,negative,own_task
r3-847,847,3,rel_26d9ac0fa70a23a7f300cb70,847,2,negative,own_task
r3-856,856,3,rel_434e52ee8af6cb4e7a442bfc,856,2,negative,own_task
r3-856,856,3,rel_8858e3be921e0304a7548ff9,856,2,negative,own_task
r3-856,856,3,rel_871b835fdd4676f571bb44ab,856,2,negative,own_task
r3-856,856,3,rel_d3a9f8b8bf193383132f1d82,856,2,negative,own_task
r3-871,871,3,rel_1b9a83e52517a4600ff7cf08,871,2,negative,own_task
r3-871,871,3,rel_b06151985fe1cde3017755b3,871,2,negative,own_task
r3-871,871,3,rel_0752af66a36e282eccbd4b8a,871,2,negative,own_task
r3-873,873,3,rel_6675f20771967c8c00090a45,873,2,negative,own_task
r3-873,873,3,rel_c80fb8e4a8f926844ccee281,873,2,negative,own_task
r3-873,873,3,rel_397f7f3b5805fd079b54f56b,873,2,negative,own_task
r3-873,873,3,rel_38df90371df34031a0edf548,873,2,negative,own_task
r3-882,882,3,rel_339acc8e805dfc46311d5231,882,2,negative,own_task
r3-882,882,3,rel_d14b110b3362ff1ab3b41107,882,2,negative,own_task
r3-906,906,3,rel_72b5626c2a0be29795a9b986,906,2,negative,own_task
r3-906,906,3,rel_453718a7851d754105a89c4e,906,2,negative,own_task
r3-906,906,3,rel_463ce60a7a380b68e24e495d,906,2,negative,own_task
r3-906,906,3,rel_63e15a86826a2952f953ebea,912,2,negative,other_task
r3-912,912,3,rel_93b9a2a2a6a51b9e70e0114b,912,2,negative,own_task
r3-912,912,3,rel_63e15a86826a2952f953ebea,912,2,negative,own_task
r3-919,919,3,rel_1c8df073eac18bf14dd50340,919,2,negative,own_task
r3-919,919,3,rel_27a21334e3214067e02fae1d,919,2,negative,own_task
r3-919,919,3,rel_63c640ab595504bde48cb446,919,2,negative,own_task
r3-919,919,3,rel_9ef4ff67bceba69a49711314,934,2,negative,other_task
r3-920,920,3,rel_311d9a967dc070125f0f93e8,920,2,negative,own_task
r3-920,920,3,rel_1507175347df72a5dde88146,920,2,negative,own_task
r3-920,920,3,rel_c66e331ca2903dff521e1b49,974,2,negative,other_task
r3-921,921,3,rel_d38629a8ccacd3cbc45e537b,921,2,negative,own_task
r3-921,921,3,rel_689ccdb8995956af73b074e1,921,2,negative,own_task
r3-921,921,3,rel_1ff55bf17257767b2a587557,973,2,positive,other_task
r3-934,934,3,rel_ffb3deb259fbaab80641f050,934,2,negative,own_task
r3-934,934,3,rel_ac1c0ddeaf105c00ca4c5081,934,2,negative,own_task
r3-934,934,3,rel_f255c2fefab9c78fc1d927ca,987,2,positive,other_task
r3-934,934,3,rel_9ef4ff67bceba69a49711314,934,2,negative,own_task
r3-940,940,3,rel_4ad1f78bf4f2ac5efad656fd,940,2,negative,own_task
r3-940,940,3,rel_9de94bc6530c899a9e239df8,940,2,negative,own_task
r3-940,940,3,rel_ce8d41e1ae0779e9af213fed,939,2,positive,other_task
r3-956,956,3,rel_64a6905ff682fc5c48edf9bd,956,2,negative,own_task
r3-956,956,3,rel_6e8130f37e1640613b2f455f,956,2,negative,own_task
r3-959,959,3,rel_23e165ad47d9825b69f47250,959,2,negative,own_task
r3-959,959,3,rel_881ef12074600eac9fdab377,959,2,negative,own_task
r3-961,961,3,rel_33195cb8b1cb7350aa87c507,961,2,negative,own_task
r3-961,961,3,rel_ef1c4e49fa9bcd1c4ea62999,961,2,negative,own_task
r3-961,961,3,rel_2a1e85abfb8cce934c0112f5,961,2,negative,own_task
r3-961,961,3,rel_877604760c9276b064bf06c9,961,2,negative,own_task
r3-974,974,3,rel_d0eef9787532c67fe0cb9ea1,974,2,negative,own_task
r3-974,974,3,rel_c66e331ca2903dff521e1b49,974,2,negative,own_task
r3-974,974,3,rel_21c42e559bc4ab1175b5e7d2,913,2,positive,other_task
r3-974,974,3,rel_bc4f7b8a7a90aba6dd15a162,913,2,positive,other_task
r3-984,984,3,rel_317b6d9324bda87ac704ad86,984,2,negative,own_task
r3-984,984,3,rel_25148d161fc3a9100267bea2,984,2,negative,own_task
r3-984,984,3,rel_dd2db7079d8edf2e3626f630,984,2,negative,own_task
r3-984,984,3,rel_a12770ca9eb068369ab2720e,984,2,negative,own_task
r3-986,986,3,rel_14991f2a31df993459fa4cc8,986,2,negative,own_task
r3-986,986,3,rel_c054f036bf615b250aa9c00d,986,2,negative,own_task
r3-991,991,3,rel_e1fdd9bb227e779aefea6002,991,2,negative,own_task
r3-991,991,3,rel_c69ba8fd7c06f2bea7deca9f,991,2,negative,own_task
r3-991,991,3,rel_21c42e559bc4ab1175b5e7d2,913,2,positive,other_task
