id,judge,official,original_sha256
1,1,1,24e3ecd3118db46310fa2c85c06f32022bd07018e628f4fd8a4a10280035e297
10,1,1,4865cf736d704e805ed53ef215d6372e37f83921ccb3caa6ba5ff759356a53a8
100,1,1,361652bf117078c059de50eb2ff7b4dee665687c9ec535ca97de6159156a2629
1000,1,1,7a359fc803578f9988a26587afb4226a350b0073959fde350d99ebe4b072ad17
101,1,1,28abd632c991171a55e0b01f158b00140cf97124a70231431294655393fc2e64
102,1,1,608a0ca39c1487df8b8cf6b5d9f888bd8e041d6d036e7adbd865183b2be47b50
103,1,1,e4ab979d02f4b7bf5b4b3d84f9f6ef878124d545378973c75e6900d3f338677f
104,1,1,f459d5d4477d08d4472d688aa8c5c40ca513a59a7a061dfc9cf698f99f584f17
105,1,1,51e692c804e235287945b70ff768da50bf1cc40796cb79909513717ec91411ec
106,1,1,0e1b4efb28206fdb63508261a65d99f342a5949a4205bbc7e1c8adb195786d0b
107,1,1,8b338c9134ea879f64aa6496b6bd366b147a86ab950d3de76f3e8474bc484473
108,1,1,91e7ead9dffa6747183d9205beff86210de99a5ce70c3bc4443fa02345132b04
109,1,1,18dfc9bea82fb7ea3a38a20713691fabf6cfa82aca873e11da62e97fbc60e19c
11,1,1,8c3a50e1541355b4db43c004c3a8999ef4cc863b57430e17d48b6dacf337d503
110,1,1,df22055c98bc770952f0b163343584690b57eae82facc37b8e2ff9032c2408a3
111,1,1,3ada58eed116af702586bd58b064f1ddd2254a664c71b980bc87832f42acc953
112,1,1,986b00171c9aa271602c414da19719c092e73099ac3ac886f4a5f992d3c96f8d
113,1,1,40827fffc1c00261ed57fdd6d4a5a61be947334525cd86a47a9cba43d8a22ff4
114,1,1,3e7e513a12869653960fec790f61e923b54d417735cb7ee45ee2574283e17453
115,1,1,5f042904eb58989d79a14fef845bc7330a5bc42a2ebc4ced8be028b0e012cebd
116,1,1,d198903914e9438cc1af88f1dc2eae6519db6fa65560fade778e5b3b2d38745a
117,1,1,4caf9a87502dc2555b0c7c1adcd20b3818a0a6050fa497f426525660688cca9d
118,1,1,308b14fff04ba6030598ed3b558c5a58dc8be3e2422527e8de5c0d1667383006
119,1,1,1b178595155ea23ce4a3a4236686deafdfa3184306f35179f6d863ca855d1008
12,1,1,4877d0839099c549e0be9679dbd99e76dc2e6b1abc6a3532707c12fe5d3ede6b
120,1,1,d52eaec1bfb10d55999c9accbebdeead04dae375bd5cc346ebb30c28c670605a
121,1,1,7e8ad7e0f74ce268d34bc1793d6af210cf75f028eb1a2af2df1e7d97fc99adfe
122,1,1,da608d293a589a18b4257f83d766baf923c4d0c87c90186191ff87d676aee5c4
123,1,1,b070b3e66580977c68e3be5f3e2d03d21e3a503ede0556cedfe748d740da7e86
124,0,0,76390233e60b8c9c24ab229af5ecc51ac1dd8d4152eef78b76d8871db9a4f3fe
125,1,1,eb65b37e62a30af4fc28f8848d4ed6e2fd49bd5634e96f3d2a833c7500f3f255
126,1,1,24c5bf1787702323e345e35ddc91c4afd41fa259ae11edcd1f1b064230376ff9
127,0,1,fd64635a478f69b8565762ff13d08e10e1c230ba406efe9e7dbdd9d0f0f1bcf1
128,1,1,af86be7ced5c4a6025c2374c2af9370aa011f717c9efbc60afcc01db4559d4a9
129,1,1,0397022e3bb5e7ec8be8b514ad939b1bb945efede919a966a3a09b5e0bdc6103
13,1,1,037d90c9efe22549a848cfb1d00abc287eaa587294db92098937b42880cc0cae
130,1,1,6393654bf684fb0f2c8634a45c5d66062292c402f0f343f0804a859ddfaef839
131,1,1,9bd2e99e5ba84b5978de2e1afa2f1429e0ed3a38fcef5547f270244dfe320e45
132,1,1,b7f46cce1090b547ba312cc6fdd28d09773593f619fb60d5ad7998933a71dbb0
133,1,1,5140cc690e9e096bebce861a5266f9ce24eaeb782288dff8b5a51d3d2df2f962
134,1,1,46298078e64ad2ac7f21be85a4a0afce5d8b9178440c39324cdc80ed30274207
135,1,1,b2323c79d186b0c331b2a657f24285ceeb93a1bcc8510131ea77768d497b4231
136,1,1,93ac6b9e525e79adc092cfb62477fa291914f7caef4c3891b88135d36bbb4e95
137,1,1,c2aa405aae9fa430d9bf2ea04c98cc5a701e42300e240a2fd3bb94d818b15ea6
138,1,1,6d1a2873b0f739600ebf7845c38f39d60612fdb1481e5a8f8381187d23ed0dae
139,1,1,de57301bffb5fbe09a76540f599e5b660246b78d4549847783a61433a412e418
14,1,1,5e43aff13bdb70e5c7912255c291600d2c3cc8e921263c3f8a2161484dea319b
140,1,1,8872ccb20edec6c8a90e8c793e0bdb7ced6200a73028c258bc7a76e9a3686efc
141,1,1,0b1f191c15e535559acc61536ad9bdd99b9ff25e91fac5cd527796b567737bc6
142,1,1,676116893cf1b2b82c88f0fa4a0babe30bfbb03c78fa4c8875672f685675a850
143,1,1,3563391a6bfc986d01a16176f771031d5d183c93137677501661942925096664
144,1,1,0e2c0739c5e617cff0eae85b9bc175b8743bf5da47ce88002ffcac201656bbae
145,1,1,275a7a1267f2c6f83e5a71452809433a5a6d89e28506fbb2733e6a782a18e681
146,0,0,43033b5c05aa0ddc7f657afaf8ebdf30760502c8be841df228582657ad265ba7
147,1,1,bdbc0d2f353946ba7aa8eb5daab927d177ede0fb24e3e44b88ede5b1fd5db134
148,1,1,9b41b16ba27113747acecc00ec062bfd9bca25fe9e956a88c9275bbe4ed83613
149,1,1,2a92e5a50a4eeba9f07a7fad5ff34bae919074358f49cb63d05c0f0aacd39127
15,1,1,fab431789e92534480a2d45609e469e5d6f398ab7496e7b0d9c1537ffcfdd631
150,1,1,ae06fbd66e7d1500c9e223a175650527df6991b0e279ffddb32998d14b82c803
151,1,1,5c6264d11d9b62b20b10c3489abd43b0b3eba30e353f0c193e09dceb2304a680
152,1,1,c90cb96f44fac2bb0f39ef0b28413a105d9bd9c351a4b424c2644dc8366da45e
153,1,1,5c3509ed50aef2273f299a09e981fc1655a2828f47d32deb77f9543428263869
154,1,1,ac28fe38db7444ef484ad35d50c59a00d8016fa90c3513cf6805bd012cfc47c4
155,1,1,feaaf45d86e6bd15cbab293a5306ecbfcfb204a207e6af81b9dbb9fe25e86c90
156,1,1,8c6284b868ef096e3b783ec41669205f8f80d0a1944985c21b147b3f45499cb4
157,1,1,5b14da2c290f122da8a5112f879ad1e3147a6b3f536472419b9a616f22996023
158,1,1,a4e54835c921eefc7cb9db2168e93639253e59cd491236a099c72c6abe43d234
159,1,1,d961c9a92d9c75facfaacb2c042dbb1b4003a15d7ae59a5d6d527dcee194c42a
16,1,1,6147e0a6d79f228ed42f083b2eaa7814a9fb3266b247ec1c63abcb4246c0a24b
160,1,1,4dd71ca6a790e19922dac9837f632c1ea70cee546b6a231f3589453532c15c2d
161,1,1,d2a3bec25cc7296a9a8295a902b4570d1748ea4e86802b71c20712de364585b7
162,1,1,4b1ffa84fb666cd1d2520f09f8bf346b7cbf542fd9308eab0636512a8c1cde12
163,1,1,3f95f5b48e4a570e77621b78806c6d1b706b06f1bf25379662105f28aaea75cd
164,1,1,8c63f9709e55cb5193c8fcb8f4591916c693a0d2b7feaba80a982d79daa845ac
165,1,1,1770662b235712fa21e55aaa9d593fe34a7829c13d9e3688b46f591566a0de9d
166,1,1,c22713b1b669250cc09ca9171fb11a648f833bd41d689a4b9f7d5e8d698a1d23
167,1,1,9a956c3a18dd6080745c22627d8cf48fa9957d3662422eafefefacf6bb94802e
168,1,1,a11ac39b358b8a399d6a47b45c58aecb7506e633d8094955d7b5780f791cf872
169,1,1,106f2e4f42590ebffad04b277d1ff7e76e0d2646a2c8bb3c2756f8aa67a85380
17,1,1,cd504df82bd7c4ccb5ade0222ce4fbcb77b5262176c3a39b21fd053036d57f7b
170,1,1,8c288616cd5e5841f6d12460d9ee83de532b42d097dfa11d29ded1580104b298
171,1,1,8fd408ba4ae37e92ac11eaa2e4b50491cbc6e227f372b4926cce6c72456a31fa
172,1,1,609acae42c6c2c9566636bee778894bed4aede96dc3b6db3635f978be49ad48a
173,1,1,0388d8217a74b4ef47611eb089d105c51d508a714ad9c08076b7c61bb781152c
174,1,1,8f50e0c8c6f4e1c308c5cb0df24f3fddc5a0a0363109d3217149d74bab6dd707
175,1,1,22eed06f342f1dccfc3f0f69f60d5728a7b729d02efd6ce638478b33014a069e
176,1,1,0514a4a5678e5c2bf8e51c54afe57ad5dc50d8d603b63da9d5a1455e32195aeb
177,1,1,e841f8322a3d7f34e73af6cd1131173639fe1ff08a16ec88106aeac0c19b7a15
178,1,1,1037f99c5e704e1ec1687895c3e32d4ce9b38072ebddaeb74be09e5806164443
179,1,1,b005a8efa3b964490d69da5dc8fea819769361af4d3198bd2fb55dc7bc283f05
18,1,1,fef8a229afdc29c4bf91af9080a3cf47f71d7ba5fcde2d6480f358017b47a345
180,1,1,f4548ad96ed40c7b57206255d85a7319a90e10fa480d6d498487ce7872bd9cbb
181,1,1,a519d1a9bdb44c105fa718eda8d386d41698914ea0db1abebccf9fb8eca5f445
182,1,1,f76ce238a342aaebdb68c5bb60d21731832a764b8b2eb0bce414dd121937e034
183,1,1,f7f56d51edf496a7b48dae4fc5b4a5ea2a6216334bab59aec922f655ff35211e
184,1,1,4f41662e0c1cecdae8a03553e6cf68e814346c9b156c4b56870fb7b8a2dcbf30
185,1,1,348a311a53b1af04c39cfa1f7cdec2e593fc1e4aa6051171b01fdf7a3aa6d716
186,1,1,f25fdd2252d890c3e1e4ea9410315c68175ab900e8f3edf30cf43ce5847bd5a7
187,1,1,eda44421da07e1f5821503d51c6bce2e2acfae765f030ccbca6212759ed35b6d
188,1,1,a8b315ece0bfddb3990d1d6aaabb2443a9088328bb5250eadb38d456f92182f3
189,1,1,8f5a92238a28569f6cdf113e87b7167210290460979b8d5efc20c04b3fbae16a
19,1,1,f705940f23961a22d3505c85156a9b4e838f7c70835328992f7d725e77ea34ad
190,1,1,efe7b6d5b32cf0e8b6de4615772cda4185c74d85ede2d4eccd47cf3c0ebf8459
191,1,1,9fae5abd20cbb40e014646d38ecc8668f9ccddb49b6244ccffa852b9e212ed7b
192,1,1,e13a53b1cd70e936b0939ac42d998c9461132c9267c17a45c23a3cfe83cdedfd
193,1,1,e7a44cac16c7acdfbbf46e3d66eb27f14a0bd34128158790ddfb9403cf313bb8
194,1,1,ee2c23a911820126a6caf5b27d4392da45fed8199ccf1a493e70ee88db1fe949
195,1,1,64ca12528e95bce939f5ea7133de36def15183bff0a97dccb25a0ce7055f4817
196,1,1,4214f6099eff5fe82a6e610c7e86851f90baa138924d56881bcf315fc7d55636
197,1,1,358dc930ee49421a93da29e0bebcd34c288ec025205f15f0b4feff5d90d6e27d
198,1,1,7454d606e9eb4e8605c2093017aeaeb3d6c567207a3cf7b199874eb44a18779d
199,1,1,dc4357e58fa47f9626affa5beac73c3719d7ffa62ac7be4edc626ed38d47fc1a
2,0,1,f45754e1ccf9c104c49a4d5c495eca15ee3670ed72c64bfdc2a2ac7e49df2698
20,1,1,15a5aa7d2c18cb5c721395484ca29363eb6b88054e0bac051d9d450899d93a78
200,1,1,a888f291045c22dfcd2045aeebc87fb571de4f33aef6fb039bd06bc88261a1cd
201,1,1,24eabec5f8f40785c870c9a985da2842403503d6236ee7ae79f0507a654ba9f5
202,1,1,4d679e29cc38bc79dbdf1ef1a4b4f02b8db01cdbc8c59e7052cf10fc446bf532
203,1,1,d6691b170741318fa8994ed731aa85d4c9eacbd9e152e372c23413d332956a7f
204,1,1,e100b32033beeef9e800a331ae7557ebe65bdf7953a77e44c0b9cf2dd5cd8d81
205,1,1,a8b6fa0ffbfbc2a1734b3a67f56b12578197d1a801ab33521e721d2a9fdea341
206,1,1,ed5f262cd36d513858ba9dc6bb91e55794068afac03db38d6b26567bdf5350a0
207,1,1,d96357d92180787387c10fd4fbaf01e7f8a02cf06659560aae81dfd61f9ac291
208,1,1,0f9e3fe64c6a4404e11c63450cd6c39ea47ce43d7bbba73af2d82787c02d3fb8
209,1,1,14b3b7ed90db50415db1ae418619eacf141797df9f4788cea7c5dce15c1ef325
21,1,1,b37f60671889ce7c9ea4dab2f6107d1cb87d901002532626b3fdc9a2aa33c164
210,1,1,3433bf402ba6863d9c90357f65c2978e539d7fc742486da560601d291894a227
211,1,1,89293f82de22cf4dfd6ae5185f373d9bdfa82a3f7b58dcc63f97eb41dcc2c567
212,1,1,61948e3c186f9414ace4f46e2554740fcf7de1ff7f6a1a16be72119e6c6f2b67
213,1,1,a27ca48536fdb2ed57b3be4681d236a2010c6898ce0aeb40b63a5aa088462c93
214,1,1,0064230f8ef4b97069ec3fb57a2e489739689b0d79e205d895217bc372e2d7d0
215,1,1,470cd7557951704e557fc06f00049c8803d733238936bd9dcdda35cbe3e9c4a4
216,1,1,bd939ccd61e56ede3b57a225bf3b4d90ffc5f77a6523ac028477ab910bdb4cbe
217,1,1,499de2f321c536bbcba52356c1fc2a97df17e5a0fd04e2d048e69624392f7640
218,1,1,e8a026e6c3e1efb2b39a640e2b3629ccdf572ab3d6a317e1c9cc05ad629dbf94
219,1,0,61d18bbb1fa56f7a0d4d75dd042517c22604a952ef53b9725c4a301a381d12af
22,1,1,345f30c4e175cc60cf02b6c440e738a618ae702d2e01a04f9c77b8f0619956f9
220,1,1,a580a8b2901ab19617ceed75be76bbf0f5d88c0d0ab178113cb6133356494f50
221,1,1,d43a6950d24b6945a65ddee54248d53c4a12cae7fe18c21a13890c474ec105b8
222,1,1,b29657206b2d92f23165d586ae6706b92ca731f496d476927e4d6895b7e6905d
223,1,1,30013a7f0b3f76b624bcac6d9f79cd82ff36d66f3412f99e0a600a5f0533f141
224,1,1,55aee74df5b1d989fa4381b2dd0be44dfe494937e6e8c1535d5e4429bd676685
225,1,1,d079cbb79f17a966b28a11df4ba7091407dfcaffe27dce31f989e72d021d82ee
226,1,1,46e6eee284d291dbbdc445078dfd00adc28e75400f0848cb022b07a2073ccd2b
227,1,1,0fc83dcfdb7c98a8f0c73dfa5af1bde322d67ad2c37c9d69dc855b939ba97de8
228,1,1,b9133d666c13667d6bf4747aa5b207ce2585e1a0d458ac9351509f029d6ead53
229,1,1,54e2079aa09818fa561ef18587846d0b3c8350ef71cf2c80653be2e13b4dcd4b
23,1,1,cadf2f6f8bba4db7a99187d57e39eaf80fe2dbca18a5025e7eeaec9020bc3332
230,1,1,c5100a19d6baa26cee12d8401f0715d27995391f6b09f87a679989d8ff8390c9
231,1,1,284c0c07ed7323749245d6115bf15f93ddb2b3c0774f17dbc43ee6af7c044bc8
232,1,1,4327d7f40a5755e3c8a75f91fdbcdf05236be922184491c5827652d27932e6f9
233,1,1,4bd5fe23676492ebae5333f3ef45b27f372203bd357f67a933eb945c99518699
234,1,1,45dc62cfe8d9f2267203e04823e058f3610a771343c68e3fb559df03c04a988f
235,0,1,360a6b71e71a383a9670d8a6a5668f485fd8c898f4f1ceccdc5d74c1c6aab23b
236,1,1,0a76b1d2dd8d450b5a0aacbb271db52eef9d1b9ebeca15dd302ba2239011c169
237,1,1,68e140312302b3970e1244d68c8d48725f6021d268acb9dfc4edd33ba2dc5304
238,1,1,813802a9d69686f10b546e11306152f2c02443e639b2e806e619d82205234512
239,1,1,36ee584a72799b6291b54fb8b3465b847c33b5cef1900b3763a8a299dadc95a2
24,1,1,948f1e3fbba0e8192feb43588448a2eb8d2e7807217b98284d9738fbec142a63
240,1,1,f2e6a0f42caa96208a5da2d839113c05a79f6bbe8d71e0740d6b9b3111498d77
241,1,1,9f2e043e4dcba730fbfbb30693c5ed25d0bc68e5cdfbdaab35f411be5d85542e
242,1,1,ddbc7dac53d8e3fdaddf4182a68da004f58b37903333636bb350494e54a516fb
243,1,1,89de505b3d7a77b6bf6f051e626cd499a0a70af8f7acc90c74bb8d7861dff930
244,1,1,bde84698b4d4edef6be13044332090fe68c47481e2fd147156053ce8ac58c460
245,1,1,431aa84d450665c0e24396e15a4e4d1b1ccdcb5ee71bbbc47797c319a0ba7614
246,1,1,2ff9698b3032ccfacf1e757a65a46b594b5ac354768cf276df4c24e98540289a
247,1,1,fe236f191bbc5265550abb8f66c027d2055e68786e84d82e67e087b2e73cfd3d
248,1,1,0c86feffb9cbaee310ceccdc3de55043dd4d0a1a09f7c71ad1ccd6bc279e47ed
249,1,1,1c3472bbed35375662ba35f380209dce1ba1eda0a90fd234380773f746786945
25,1,1,84a9f721592b8788ae598efcf036b38a43c77192bbf013c4de9fc4fb8143eba5
250,1,1,70b7e405cfe37d293d9e7131a6d202199ead102e274163a149736849eff443aa
251,1,1,5c83960dbe6aa784d15397babfb0c89b1d4ff97b59574085d959820b58763b63
252,1,1,bf9428cca234f0f03569fc1bc9b15decf9774174785224d23b8181fd68c286c0
253,1,1,82edfd8cc1fd25f662342538c87da7031f3118d460d98b6c6b2f0fb908d33c87
254,1,1,38c4294976437e0b59b976bd913128ca2b097a725567c6b64836cc2de713603c
255,1,1,bc769ff54412df2551cf906dabc8d2dead8ec762db954be88eaa8a2225a0ead4
256,1,1,9cd911fd6269a6c20971c2949867d3e2ec9f305491f62c30960e9583a83732d0
257,1,1,ad016a69eb9416f5420a155221573f7a8f8e6855e4a74ec5c430c01b72667ab9
258,1,1,d1b921de397f2867b5355bcdff905865dbb3ac309ba9f7ea6340d31c22a1da33
259,1,1,abc79ead0ac977cda19c333573f5b4dd900edd45418dc228188fa1882ff5953b
26,1,1,b9b2ac164c1e93de22a953b7b04ca36290a7d15a3d90f15f51268829bc521e60
260,1,1,517aefb3b5c1703f10f6b4654a1429ffecb853b4fc13d52842d303972966ec95
261,1,1,32d7347cb56d63e75af85507b99f3f0a6a04f6258f5907c316860abf28eea966
262,1,1,c9a103095a2bfa247b46d0dc5007de3361642d168a6efc3cda193a14ac17a808
263,1,1,18c685933f45b7cdf0ae026275aa46be8bbf5c0a9c3e5952a25ef082b7c54be4
264,1,1,27af1a33a480645ee7c77cd73ad2a40745f17096e14da16db812c2d8b60763b5
265,1,1,c36b8e55b8eb398eb15db87850a73b442f1ab6adb4b8b9128ad58c8919bffc1d
266,1,1,993f005d32599c6fa176cc61c02ecde9f0ee81f50a6d996014d85406e34f9d09
267,1,1,b2bac5d50ec205ec30453cb36d804ef462ac115962c57dc9b41760a1e06a6c77
268,1,1,3230662c6f495d1ac74cb18ecc069f80d6b2fa845be5960be09f4916ead4ff3c
269,1,0,95f8deabeb08eb762552d1221135ced8748bddd6622b77d3f6b64b58daffcb8f
27,1,1,f9f5ae584c7aae5a34003ed12522c43d755abc7d91cff02beb36f58061baf489
270,1,1,af729e78a99d5a2a263f8ede03aa3d15d5ea9e6094fa70ed19bebacf2a7e8af5
271,1,1,adbce07e424a4c7d2b0763653d19b80042ef2a21e926b47f8fb351dfffac932f
272,1,1,9cfe72f937c9bec98260022720de0c090499c51dd44fbabed040d1792ef30223
273,1,1,c81a32d31f6687584282415fa57b51badad315c67fc3dfc914ffab6afecb515f
274,1,1,d6c576b600a5ffd67053702162f0229a76ad347c3e32310a87ff0e64a0dc2cd0
275,1,1,c2edc2013bf9de376fe39582962d818efee05f2d5f15959a648654f1576c22d0
276,1,1,60bcc5fb9d0943cbefbb162674fc0929437cc70633a3a39e4b8219db916f34c0
277,1,1,9b522cc5f6910bb111810947554fa15436592a141338999b72008fe86a52a2d3
278,1,1,7070fd1fec784f681c598904f422408d9d6063ce2e74c157b73be12db6925418
279,1,1,c05246bfcc5e4d8692b0e58cdb39ce5532d72c2dbe72e6aedcb49e202641e9ca
28,1,1,4cab5ca070465e45461e60a9d7d94133905afaa947b9315e1b68157a9de9fb3a
280,1,1,6bf8d7978ff817e728edae5999364f63781f7bde4c2a41f2c0f05a47211df3c0
281,1,1,3f4481f46c1b368cf5e7b25250b2701be170865e23524cb8c798504faf869d55
282,1,1,1716bf9b851d98fc387ac36b2c2e18ac47e0393ee68b195df1d476b65f1649f5
283,1,1,30c91f1d3f58db2881ca1d3f55c6bc009205a985986eed02f5176856f1d359cd
284,1,1,e3056c94c849ea2d898fde2cbbf73a7c9854946e23eeb8c48dbb8c493c1f28e7
285,1,1,ad6c7219396d00d57cc2944895cb7115a72f5b995b9844f525e57ffd4d5c8cbf
286,1,1,d451e9eb32fdd8afa7ee703afd71ac86f3f41241eb8c23a34bf8419ee73ce609
287,1,1,8065a9855f2992cce1b586b8ef1ed369955b16e5aeb2ebe5a366500d5157c784
288,1,1,806582c7091bc06496da1a8288296e41f7a5b5d04933389ea8d47f6fad61bcab
289,0,0,f3b1a41180b9ec422d59755fee5b3b01312da954b14afd06cf1d572eaa14085a
29,1,1,38f77dfa713134491243486ea269c033a57e64624b62405beadaf3c15ee23708
290,1,1,34fabad396be8af21ea46288c317b978f41b6cf109023eede5be11d3a4bf4ff6
291,1,1,b3d93a87509eaa1d0366f0bb2eb224b60eb24198354ecb5cf195689a1d9fe2bd
292,1,1,cbd35ac1bc3dde0ee05ae17368b11ecfd52d28ce0996e4080073359047315454
293,1,1,56be8a5a4124b808c2c9df6da01c0f5f3fd7697c4839a82b686eb6c2c0f232c8
294,1,1,530e75fa0d4aad31351bc9ee20dd45c5636e4e52bacd0b15731898e2f7ffa944
295,0,1,db274067387fc973b8cf302eacab1f5ddb18869923d2bf65437ea44fac8a9cf2
296,1,1,e1ae289f718dbb6eb5febbfa0248abccba2fdeb30b1db3d60ae17feb4481a3cc
297,1,1,c3ac245cf70dd678baf2408a0675855245e2ba2f9c1fc8c3b655eed0eb388f3f
298,1,1,2ce3b412eb50c3783aa6c2c5038b3ec542d2da645d9da064a2391a92e6753bd3
299,1,1,9a19d13232eb27a30d268dd4bbffbf8f3dd4a8c917624a4da10ffd265c04b922
3,1,1,d278a046fe06b48f51184480e9ca66cca00fdf2930bbb2ec20fc89467e08b3d7
30,1,1,6af5deb01073f90d4d7fae5414063012efdf90b05e2694be8550fab2cc1a09b0
300,1,1,c6f9fc6dd7b93e373caf344b8c4433c3cb88241e334dbc579cc05ccf3ebb2c7b
301,1,1,fabf2c18ff4bff585b3f04856d41865412f4b475a66c7eaf234618e43a011609
302,1,1,de23e64f9255aa312050227129b012179cb8ddda1bc8ce15dd0ea11d63b82588
303,1,1,3afebfc3ba06332655a4c3ffc82ca2e4e8e77c2ca8646e45e898a0a3a5be7d28
304,1,1,070176ac46a8066b9ff52f0e9caab9c1038db04ec248b9cefcdea23bc5830e95
305,1,1,5bddbbf3b5bdabf3ee6896fc33fa9f6cb3e8c7d59fa24709046e8ce71d05f023
306,1,1,84f257c25032739d3e6a1779b5a975453a539ef9dd78f93cf33a859a81ce4730
307,1,1,b48d42530bd2a1f63a9abbe99db2e4fd5c613e89fb5f35e571fd6fcd11e83703
308,1,1,b6160ef1ec221ade4e5f7992f7532494d9f8cfd9ec4669a7773ce79dbc486064
309,1,1,df6b42c45a24f924927616fdd69a7e9d5d994c36a1fa8a520dc7ce3ec71d2ceb
31,1,1,289bed19c64f252e7c25001ebe22aca0ecc9ed3deff9102ddb3edee66b291335
310,1,1,af166aba9357597e68ecd7f04c5c5bd08efb0b1043e5d4d723f1d8d8416129e6
311,1,1,4230ccdb09853a636f1d42ea8bd52d149ec2c8627b2b6cb13559750f06aaf2d0
312,1,1,69ddb8c431e8398f90d39b45346312cdc945b9dcbe4910faca23a524fdcb2e7a
313,1,1,8a1a1ba38faed4b24779dc1bbac290f724a103107a16000d2698566cb7e8feda
314,1,1,c4986c99f4f68bff2013333eb26f4c7ddc0fae213606ed270f2bf204385cb06f
315,1,1,b52713397c5b3100fa49092ea52cf018777e39ffbb7cb41e49e7b35bc7cd8bef
316,1,1,1810feeea257de5955b007029a322d3d57be53e2dd79a9100daf3780f3bcd0c7
317,1,1,dc4403eefdecfe658fb2b4b6c2b2876934d5774822ca37443612deaee3792aa2
318,1,1,eeba0458eac322a0db298afbedb762bdb25777526405cd54a5b147c42e89787b
319,1,1,135f5a15bec00738b96e780f3a70a1cf4874cd95b5b507c54cc1294d7d08bcd7
32,1,1,4178b7adb57fa8fc2e63a388b55ae8a4ba23d1caacd45548f38d40584b3c257f
320,1,1,819cca469908110c199634754aca4d0843bc70e8b489df6a34da525b96316a55
321,1,0,159f196260495a966d729390d07271e42a5c983a8741d8d107f1b7f501f8eb2c
322,1,1,694eae002974f2e70c37c42c355f430a067fa6ee2c28aa1586acbb144947404b
323,1,1,53a2bb3de18d017f201c2092afeefc3e045982eae708440c8feb3c54a53acfa3
324,1,1,26c6c6427a111eac968f1d0c08ef02885a3cc5b8f458f3f3d9eb256cb5c37b55
325,1,1,b8bbf027a2088427c8960d98e90737ce6552bfc00a4e2b8276add55ef77e94ff
326,0,0,34b1633962047f72d052837f5d151265bc6e4db642faf6be039899f7b28221bf
327,1,1,bae01f4bda4b859358ef3c46cd19d274e974b71bd68b3bb6968f3093dc274e3f
328,0,1,95041c6fe681e7a210ce0c345c4e51d333ab29efecee27deab5c546771f8faf2
329,1,1,ff0acfdce61e3fde6965ee45339970e4fc4339112be746760a53b05db9409915
33,1,1,9cb0f7adeb8d13a6b0747dbcd18375c7a53a47d091192f0af6f101f4517f157e
330,1,1,64a4fc370d613abe792ea13a0ec133e0695d397e1980fe864dab77733cdf196c
331,1,1,8f250a4904822925a3bb61c24bff779f19e6aee6ba0957fad7290c2597f8cb63
332,1,1,725655ac9aa911d9a5cd6fa56103c11573a59ee8b3423c92cc9595a853344a2a
333,1,1,b6055375c30bd6a894a8b42405c6e52638fef9e59ae409511143052c86caf45d
334,1,1,34c9724e532710adcbfe3948d2a8d4e7f7c83e40853b6bd2e989e35615853512
335,1,1,f4209a9b076181beb7d12b52ce626d4783142fe98622e300de6a3a8c4dce57b2
336,1,1,32e8c698aee80c1c165a365dd0b2c3850433077a78519008cdc219171dda6998
337,1,1,e8fd8a829ae6fc2fb0793d4a3fcf5ee2ef64182b57a4235d458b8aa0077fa45b
338,1,1,82950fc7f90575f1218c5640f06361146777dc0a621d8d42c376e92e6dc3efc2
339,0,1,e3a1f950f68abf14b5ecc8fbbfd45a8ebc44180356b769699d18145177ad519c
34,1,1,92e374cb1dd6ac6ead49fb99a7e028c2e4eda8dd4afcd369ad9e49c7b60dba74
340,0,1,d83c6735d8cb7a2d5312a2f5ea0b8b1e7581b54d37b6635e6ae88b4406e2f917
341,1,1,6224d8d8541da92ce3e448c3e200261baaf5fa1e1f894288f737a4d1761ebe0c
342,1,1,6c777359a3a273a9248639c2fd04b9c16c54824b3f79755e7e64b16bfbd9a124
343,1,1,317d4659a55ecf3ce493543a5809a279cca1a622853f492f420051e4967888a6
344,1,1,612cca8d656d84905dd190e36cfde315c0ad64f825ae916a88e5d977abc2cca8
345,1,1,a578315d09b2e0dd748d199d849772869b974a3e3413fb130c9e54c287386f88
346,1,1,ffc0ecfbf544e03b99c7c144551a3a2471d73ebea01e12ac8842505fe2ec5ebb
347,0,0,e20d931948e5f4a98757d06c38cf04322d059539dcdd6133590751bef1a0601f
348,1,1,faf7017b0a22acaf1d0c40526a0f9ac48150d38145abf200817c280aa4bfa505
349,1,1,61b16c090217d54866f3416b8e105fd33f97b74420689b0ae3c9482b7a858fb3
35,1,1,18b502e88bb86a5a40ee7091fc3ad11d103b4a8c8870ea5fc2263961df79c148
350,1,1,0c2522511f4ab9d6f6cb73343ceb423df52d26efdf978fd6ec206a7f13874c45
351,1,1,1c75eaa35f17dab1ceac17788e82ffdc0ce6f397edc539c1cadbbc868d69d669
352,1,1,c6e92941bd87ada77415c261407d36e9581e4d88e22d32d1a422bcd693d0f672
353,1,1,3f2d4bdb2a308ca77f6de6dc27ea68fbb3456ca6d40d04cfecccb8a6336d2f30
354,1,1,9bc7047428ed9dc2412dd8d3cd10f1ee480e679d8b322d470a12b7164aa28ce3
355,1,1,631a83fecc852191ef174df07427b486e34e29332ac4abc7cf32789d0f66ab13
356,1,1,63e11601d97b5ae95e32e9ccccfd8febe02193b5a0ad6dd93f802165df8dc992
357,1,1,cec32b74210731af7713d8711f2b842825ce5e35a28010ef37ca31a56733953a
358,1,1,6d628e9fec0f7949f07c9b402f843c5759271672cafa51c90e647ccc7411c263
359,1,1,b694c15491f8cbeb0b0a554365966b0ccb81d266e6c23cdb47f06058971d0ffd
36,1,1,ca84487768939aebc1f91d51dabb23c513f7c6fefbddc5186a89bb632b5484aa
360,1,1,b951c5b8b7f6ce10a15acc158107743aedcc0d4f90a49c91016191c1f7dc160b
361,1,1,3bb6eaf2806b3f16a1d4cd2c2ecc27570826b25c89108cd9cd5b4ebcc9dadb57
362,1,1,e02fa525c90f4902f09bb5327b5fa5fcd7f78bc8de458ba0eaba183c4a3e5100
363,1,1,cd23b20b5f4c21a92e92d54fbc0edc99125c0c13eb49e5dd62bd4d060080d50f
364,1,1,8f0e35681ae80d336a09d6772cf51ddea2605f4faaba4ad5f637b7297fc22674
365,1,1,1cb6276bf5b8d2750f22d2d538e58817d4630a9491e8328a4a74cbfd4f93cc4d
366,1,1,fd1a3e83050d12800d7b32d9f8e689a7dfe0c2d8116ac6960e1990563e574e25
367,1,1,9de3e1368952267e031abce137ddc1c29e189dfdba2fccc4d682b3899f3c010f
368,1,1,c56369f162274b66b10c64be61cce42448eafd1ea69051c8ae3de487757159b2
369,1,1,a41bc1b6b0cbf576828d1aadf546f3e20cee17057a4c87424924c34f30b78a19
37,1,1,ac4f4a6fed9c728fdeb56632584a03db2fad13b2a273ae38226fbf76fe072499
370,1,1,797c20a0ed2734b82b0a30ca710951cdbdedea7cb6c2cd18f2d7caf12c9b21bd
371,1,1,1fb0522db9f19eff3c6b86fef48b7e4c346cff48cece1c6c748a4e9ae9b3879c
372,1,1,1ee3b8e8e65b7dfaa507861c5f4a167f445c9418ddfe4bbe44dc274e8bc1f611
373,1,1,b871337e5f64c87d0f17952ca054e15d2c58a6763f3956b171ac8119d0f06677
374,1,1,3b9af28b7ddf2306e5de2aba5b3be2037d1a7c7d930b8bd11419d68a01ca4a2f
375,1,1,5d3f97f62a83c86ebeffaa15b7c62653e42bb7981ee015ea5d57e58240b873c2
376,1,1,59f57701b22c15575d2ef920106388359ab515411520dadda999225f66716c2f
377,1,1,115e537fed6ee7939797f2cc463574fceeb21e5936d546b32cb229edbf42fdf4
378,1,1,5e80cca3d08b3cf66d1c981a4967621063b1d591ab75b5cdcc0469ea1db2515a
379,1,1,2543305482ae65da7ca5d37428ab0160afc32719a1cf3fb0fa81bb74c56f565b
38,1,1,2c98bf5b1fd7593d8c35c22f6772066bb581b30e6d526fbaf07966cd8383a4d6
380,1,1,b0d2fa7b329892cb5dcdcbbfc9d1922d03e6f1591bf8105d8515d6cd16cc4560
381,0,0,072118fb149a61930e4fee3cf343a0cf9b618fd4c653b21583b90ecc98d57e28
382,1,1,8d167b207e3cf8855a2192e01b0b976f57f68a197c3c3679f2bebf6501ecaeb2
383,1,1,b7b8c9386b793a525f3de1f542c1fa00faa77e7c516debdc04b4d099d1a81ee4
384,1,1,02ac679f97e4c02ff23c88656025f7f9554a23514328973b6b6d1a4b75bae5fd
385,0,1,acab743a3487fcc9b4d1256ab4e90b1396214b2112440653591230623a19f8a0
386,1,1,1593dbd899423393f321f9f10f5be50413d288a8823696e453e47edd422594f5
387,1,1,fbbd58c1719cbac90ca73d96a131c01cc92a360b2f94c8097f1329c6ecc7847d
388,1,1,0eb1df7d863a19521a47194325e65bfadece86c595bcca87fdc3269662efa6a2
389,1,0,266cd310ead9795781e065e86e7b2612bd75b8b354c10dcfa453c19a186dadcf
39,1,1,1f561978ea38e98fa3d0e5dfa135a72fc47dda3375dba089ba2f17ffa2565bb9
390,1,1,6d5f0ddf1cf55c76ff1474b03700b14a09919d54a7ad176a9e7f705b96cf6330
391,1,1,68340f832fa57affd1ab6130ba2505fd3c84111d02edf95d0bcea91be1bfc4fd
392,1,1,c0d731fd4719796a8c48a501080a0a408d21451e06488a5d95ed6045d71b534b
393,1,1,cb69b46808fdce8879f16a7f778356b0bd08905f4fad854f8b943a6a0129e57a
394,1,1,cb6ef721bf494c821682b01baff205f8ee25976314e8c3f4709d521e78c01724
395,1,1,c2471615d4120d82f413a4817b0156050c1302282826d4ed4586e5fbf9901525
396,1,1,696fe228957d2958d4d694c3475df7816dba6226d43e05d69d2c6a7258814ba3
397,1,1,ea6b66e674fa93b141bf0722dab81e6907baf6735d9f92a5c134590d0c7a4ecd
398,1,1,3910311cc3bfd2d42a7ddcaaccc3f5127c0858805a5b263ff82cacd10edc32c7
399,1,1,24a10364b40c1c36c230e4cc8212e12766526747d4f9ad5fdf20d12e85a0cd54
4,1,1,2d32ef68ef0ad59bf4d406206454a6b40f0aed43684f09345d1bbe87559ef31b
40,1,1,79af2a713b244a3820e8928674cd75891c66dd7d62588a1df6b6851d78d38ff7
400,1,1,b6af41f19f1cb889c861ea9d589105a4f97cc15c07aba7a67a6f651650579b34
401,1,1,a1b086b4de6dc4a83d7b49a174f68190197cca51582e7fc72061ffb43db342d9
402,1,1,e7af698e4fc0d0a42e5f39a0d32f7070743a2499c1d6922c287797ce5be46eef
403,1,1,7783e1fa64479009de443ad2300a6f94f8f8fff2bef4b1f063efaaca991d1db0
404,1,1,a49c29e9f495e6330b0a4debee84dab52d2799e0b93b61f8f9722ee64c27e392
405,1,1,5c75f71fdfbfe56c6aa2449e9b6466549d9d55ec01d35baaceaf8e4c4c53d437
406,1,1,74cb9f8c0fbe4ceaea7e9cf580c220779a5b1cf9e1eacb30c42269465b995730
407,1,1,8c7b7fe1c17db05a5a62e4afff33a639238558c596da0a0fc998f00538134453
408,1,1,e2948d238a16d8a82a4b39a28b96d84ca83de52056dd04d354fbee45adf918bf
409,1,1,b91a893d07331954b6b451a21d034407f5d6fff848d8f516fb801ebfef590e97
41,1,1,bfc79e1536c12b945c06cbe5c157d2fffb895b2e2fddef0af41f10a9e23490e8
410,1,1,479a0124b3e69e37a3c8a73aaefd563357371e384923b794617f0cad0eda632d
411,1,1,8500b160eb5cb9d4fc427d38c18260e9544b7c196c26f28f9853d506e1b8493b
412,1,1,ed1440cb415f4c5d1bcea90edddf60b9f38761845d9966d69dd6733c266f7efc
413,1,1,11741aabd657eede5a4e3d6cbee280dec520b4ced97e850ae894f15a900ab4c4
414,1,1,c30fa71f94620d0cfdaddb6681ed9eb5dcf2dff5c58ad6d79a128c65c16e07b9
415,1,1,95115bdbad116a9fd778ee024b025ba717b52b08960c57282f61bfb04a4dabe9
416,1,1,8bbd0376ad5894cc608a2cfa63513679f4b9aa5d348c792087356a3d8110ef31
417,1,1,c41c16bb6ba3c3762d540bc993d7901cdc943302744bb0a724870a0f56a6d6ac
418,1,1,6e6f5b34ffd3d07ba011f4e6a82ad023726175c863e445508e3121ba60a34784
419,1,1,f279e597296c1cc3339998fde657b514e8f3be7030fea40a8edcaac61aa7e80f
42,1,1,572a4555df8f60b4f4b5dfa6f21099063ce4a927595889b712a24f6dd26d2018
420,1,1,f0b4fdf853278424a3e0aed880c42863de6017709cf76421a7f946267fc046d8
421,1,1,5ea326e3d209e613e9d90aebbdd66f29fe3e289fceb90cabe889c317001be694
422,1,1,e03f5cec4b88059d43a7958caae8c49056183d329dfb3581b0d9abf70f30dbca
423,1,1,40512fead7964c423daabafa6f644f7e5e4ee27f98b85d4f3aaf9b1f29ad09f3
424,1,1,8bc719b634415093041f9bc3c94ddda79cc0b0a24b936ad707f3a715653ae4eb
425,1,1,971bf7464135d2062d82fc050715779000290fd111ec3e85978e37807a8666a5
426,1,1,39b4a06e5da55cdf7bdbfc05fbabe5bdce8b4b4cc89a69462b0b18795e7a615d
427,1,1,0486f5d45fd6100d618b6a2d9254dced08bde496626edcd02558c4227aca6787
428,1,1,8a8dd3fc2588f9ec55590d7bf8451be6d13f366bc1741fc81fd501c432e06789
429,1,1,ac614b93f860941adc5834507bc42f296f3662d099d49c57764b5114aa1ba7b5
43,1,1,1975b6cbf658843cead740488c379302121bfcc20c4ff0addd144063790926a9
430,1,1,099a3d55f330c3925118a9f08599510a3104fd754d9b537fedf9dfba6d06d090
431,1,0,29bd4edc7501ddebbe4b93e143f2e5707f09638df5d03bb6688ce5ec58cec820
432,1,1,9bd16dd2e05a620f3bb111bd5f6f5f5a578b984a12780feb55084c983a157000
433,1,1,bc5681cc9e4cd1429dc698b4c52012186e85de1462d708d58d5fba9d2f1fb592
434,1,1,e5d11ef2c1d61cca8ecb00359a5a6f7a6f8a8e467fb3b47de0292865f44b922a
435,1,1,ec1720943080b6bed233081e245f420eb69d2390bb26a86fede433667c32cf74
436,1,1,f44afa3f90fdc6f19f1547bf3b85463d72d2f0c0a645472822d339c711bd2f6b
437,1,1,1c15da87e7e83676bd02f39777f21831d32ef89a698d7222e8de0cef1b1c8a1e
438,1,1,d1ecef3dfd676977d5f465e3c3eeee1e9f6fc660e18b1061b864f9680ecf1e9f
439,1,1,103ac7a00c8cbb816943a5e819fe0460df950bb5c6bb3f8be3fa049c3805dc9d
44,0,1,1985b185b2038b60d1b8ce83f0ae8f0b74e8828c4f7f259f523bb0062d1c7277
440,1,1,6163700236ce8d361dffa14fd4f30e5154e5917b3a8932aa43f0d0900476fdc4
441,1,1,7223b631dd2cd6dde23d693e256fbbba783801b92f307cd482cd9d2505f6ae67
442,1,1,4870b62b30d7291851dd1f85318f512becf30215a9d6d169914dd362a867ae63
443,1,1,3a1dd7531cb327b077ffbea42ba5d56127cba5453ade6ba2067f4f7e42b37991
444,1,1,ced6caf3715920116217924429c2dd4668c42daee956e9a6beceb1107fb4f7b0
445,1,1,063e2a70ecd0bd72dcc4bce7a5b541ed34244c2d3fa091217a93ba520a7a98e2
446,1,1,7c2d6f8c6fdc3c9bd661f5731abd5f48ca542b42e931dc36638a0f6e5cc7b150
447,1,1,5d67584e302822cf958908e4807e266f5c7097e33dfe1fefc7370333478c3ae8
448,1,1,d4b51e67d7fd833e7cc7879acc2d99d1910f88f938760468ac429d62911a0c33
449,1,1,354484530edf629674dd7b63ee32265b9a697fd3b7403939b4ad62d2da6d4e49
45,1,1,ba330b6d258c7ef88276d93f62fde8037f7e77419d7410e9fe7074fa51d1faf6
450,1,1,643425373e168cc3a5259cc4d2064fea849312d247dfd4dc0b9e40f0c0d820d4
451,1,1,f7a2e71f11e4ed344f9f77e362865a6ddcb2656f19d86def349dc809d76de589
452,1,1,e5cc3863073cdc1a61a576bc70224ede1ba137dd0e06b38afbbf224ac7373060
453,1,1,9fd668e9ffdd2855396414cf6486cef22b5f369b223002ea2417959e7e3e9a5e
454,1,1,2ce2bec50fc4d55730139fb4fc7b7ab93f6ab6f6074ba768d9e88897ffdc2ba9
455,1,1,f382f773f36449627d9c912a5a9a9256270203a03f0e8c40e829826340007558
456,1,1,6743c75eb096427a1d3870d94e6b054b3333702804acf0967fe8bb473128e712
457,1,1,88716ca85af9a3ea566328f45519dfec9762e03cfbe303a7071c04583287c9b1
458,1,1,363f62269a1a42b73a644610024da3247b88c7e7fb1de1db0370dc5b7a0713cb
459,1,1,f2d52870b6b83d17ddb7ba1d56549df588d0bbc4643e82d213fae909f75cdcc3
46,1,1,e6ae70da769451637b3f6b8ac1eaed4fde546b560c352e3f8a7a790da735c288
460,1,1,f99dfd22831888d65b0221cab94561a718452c208427e8377c20f2e7bc8b084d
461,1,1,288bf1983e887c1c35249638ad1b8278fc4ab2f76e11ed862d1272f4aeedff0a
462,1,1,2399f77856a2b8a090302df873af76145c0bd98bec3882a2a9a77231634f40fe
463,1,1,78b9b9b8f2eafa8cec35120b3716ff4e3fc5f39370ec316d946b545d2e147b8c
464,1,1,c9a4d303591d47eb06e0ea392f71fa2155220ac9feeed7976d2141fc5ff8b12c
465,1,1,fefbd78ed1a82acec43f48f76c996242ec3554aca893b62cc1ea66c456aa5462
466,1,1,945e7bb598d65c1c8a88e692f4577f19792d1a7300aca83fbccc747dc4b03666
467,1,1,de3e82c1ecd7053ca2dbc0d10d3060b9c16108efc9c4f67a4bdae0e61b36bf6c
468,1,1,27f9fd1dd0ef8b5e3e45937701257d952d55fa61396064c621719d9690d48b60
469,1,1,d993a7f6e4fff79f19eebaa77af0c37685fe3cb2107bce43a4dd840943b068f1
47,1,1,788cab498ef045ca14c7ed8d6f2606d8ece1e745ceab51b26506d733af1c9990
470,1,1,c296c0211b6695779772a1ff780a1a6280ae7dc424493a999009f9f41b6b0f4f
471,1,1,5161c974890a16fa4717ff3ba05be3fc952643806ec08feaa3d2dc7b01c3991a
472,1,1,2e42be77a68bce1a055ee601fc7b0d48854232a09a5fe61d57bea7f8259243f8
473,1,1,7adb84e0b393322048e84f2a9f7c5d9e244291900c0743dddf4864e42cdcf4cf
474,1,1,2c193aacf2e37224117184367969ba2b95947c8403be795e035bdec270f74e3d
475,1,1,2141ef5819797b1165bdbf792368116afd823a082242d1afa42acc490fa4607a
476,1,1,3d625fe029c23aa8ea752b09a58cea5c0a27b22a2ca5b793fb86712cb62cd4c5
477,1,1,0a9f14f94c51c0507764e1839f15581b355455837a07a2262803740fa7f88ffc
478,1,1,6b6db74997d6ea366cbcd269cb553a69d71e4c9da7f83fbd7e3548029d5e3fdd
479,1,1,9d1e855afe59150d80ddf5a3707d5b8f18d71c17bba9e01d6ad1d0f17841a952
48,1,1,440ed08ecf76cfbfef37d162b417d62ede7942476da51d02c0cdc5267286e386
480,0,0,1f8294ecc22879fd331085b5f91759e521816299a441dfacc664da28bff407ef
481,1,1,c3e8febd1e88ccabe700711b8f809302a2f6c1bf4d74e90c3fa0f762b221954c
482,1,1,709a5e3493ac2ad93d81dc085c0ae4a0f4ddd6a136b762d2c95739f258d4fb26
483,1,1,ba2c46fc53d78efd3f16f44fc018020c374254944edb1782c3d1d2e35281abe8
484,1,1,2ba2ed7858e750995ebb871ed7edd6cf5b48eca099daa4693837e418dbed201b
485,1,1,bf0bfd7a997baa22e7a32d806634b5cb73d6c232741f9d3b4712b9a3d7b21a72
486,1,1,8cadb8453a34a99218ac96264a30faa36804524af8d92775c1619eaa186cdbd9
487,1,1,6d978b91d2398273cbaa1b54c046c6384ca4e1cac477c46de02b2c5a997a3bd5
488,1,1,d04fcf01b7d9e0180b27aab9f98bfb024b5cd401127db2c4e9be28f6fc542aee
489,1,1,70de3bbd9d33254ae562b5352fa52caca4fed6f1b0313a67b93c55dbba58b3d1
49,1,1,610e562b3663834b646505189c0b5ca51c4bdce7dca2e207a47feefc2dba97ca
490,1,1,0aac2e6aebbf4828f6f8c1b029ee7d2bd78a5ea8ee39abd0ecfefde23f8af21d
491,1,1,b279cc535ccad2d32b84bd0cf69d6f4143487c640c64cdd5ab2d5ea5d3fdac83
492,1,1,d1ced56178e0301c86a41f5e09164ddd0dc96c549533f6e6d8b960e300c43fea
493,1,1,bcf771cf62fd3d465a9e1b66f34922d58e1f5d79c7d010d4e3b73d04c38d6611
494,1,1,91c26679b9acf4c13933f517875138c51a04e837c8627acee0a2983a7264091a
495,0,1,0cd662a46d258503190273bc2b37c10c9f14fc01f8085618d958f849f93e7a04
496,1,1,51ac38dba0f82c1eab700b111ca5294c9396d70d7fb30aa42e0519767b1e2071
497,1,1,661b636a1f1cd77c1354d5414700c4247f88137c2206eca6c50e9a74da92d4e4
498,1,1,87bc92112fbfdee09ff90a8d94c100328cfa6e51cb9db49807c868e06ff34763
499,0,1,9086480a271340d39df08ea4ef6c7fd5ee6600759a4a46bcb10874d6a3f5d5f9
5,1,1,5a9f4acbcb40a6de361a9e972917e91f6b57805d5b769b69b9f1949962ff8140
50,1,1,aef032a248f524c5573a8ba821dcfdfde1b332b230440423d617204f01914977
500,1,1,3398748f12bec3be38cce3bb80a483d34015f0c65130d6fef68dd76531e8486e
501,0,0,38fef466307b5ff4777297ed9676a1c94db12f304bd2a77ddf040c0e54932156
502,1,1,9212b235070cdad32077403be0ad9b03182ce48abec19a05d0f6b4b950357a3d
503,1,1,c064b5d1a360c7e44c9d940be29ee9bb7589359d2a1b2aaca2e8e1a9ba2ab33e
504,1,1,9c0981118e8e4c4a227cbd2abe7502d8064b28f01187752d44a0da635059472a
505,1,1,e26883185f7f7570e18567f500af3e3a50e70777054a3043b3f24c4bca34b983
506,1,1,f97959065883f96aeede9519efb3c3060941af59fa27a0248dc11d12aae60f3a
507,1,1,a9ef5c3308de8539114c7a8cfcf933ee653249ba6dc3dbdf831c6b8ccb2e2639
508,1,1,5d20922128868a3d1947d935b174d692535ca88023391bb1f696049ca4c1ce5b
509,1,1,a3d3ecb59388dd22ba4e5356747b0a1945d144898d12ccfce18b43b4f887d53c
51,1,1,971f8b47d292f4ac6ebf51b8ecd4d23455891900040b13f37f39b0a4433a13eb
510,1,1,ca90c1262f1e5d9d71afc8a9a0dd0efe0f42ab0f76365b29ec4873eeb3e25af2
511,1,1,3e35cbebd93ec51a8f6c9d50f4a0f03c46679ba3d60cccf9557fcb6cb574afd6
512,1,1,5512566b3af8ce4acc09ff69e195f855817642d41e0fb7ef0f5182b1449e4339
513,1,1,f4275d37fc5831a5675de59b42d9fac96a60a37c39db3a38a3ac799e8efd0b60
514,0,1,fa282a81b46f64459363cd13f1729f34cb8d417c87ce70963f7e1467214bc81d
515,1,1,1e580e9420b987acaddb1b8ea0d255f1139d1e0529b1619645958edabc538ed6
516,1,1,ae44f981e607d958d2a2137bb54821d619e275cf4a1ff4a3bed876c616e2e274
517,1,1,2080aae9bfb5027bf419d198db738331034efeb4bff13804b9401ba6f516d1e0
518,1,1,f9a545112c869f415a9cac431ff5bbc014c0f427360300bfa6bec0e4b4f5164f
519,1,1,101fafcdad9c53083d54c1c4bd8164fb7fddff6e9aab5a635e95b459d3e99e2e
52,1,1,479e68a2a9e2e5863f3b73cb0c1e4e32bb5243a4e5866b1bb6631755eed7517c
520,1,1,6a2832c5b14e66aa35ba9a96341aa35d09e983172c9991d11d275ada80770a1d
521,1,0,5ff4533632cdb66cc6b6123ea6660275bf473cd7fb8f2d4d4c8a41579b45b819
522,1,1,1aef7e5f02fb3a07024cf9d7d1d5ef7c918d05c6bfe723ea6ba8d262904f626e
523,1,1,4050fca552f93ec70a0b83bc71e42f3289a012cbe8eef8227aa47c59e1e26c78
524,1,1,934848ba21adc53e87c005ae7f3a6d27cc85b246a55e7a217a978dbcdd6973e6
525,1,1,c61e4c08eefce6c34e040da25a4c937f72192fcc52d50cb0ec3c9047929bff85
526,1,1,c8eb17804d2f55a0fa31f0b578aef14e9aa8e256970a162be2631cfecd76eeed
527,1,0,e806490537fb6e20f67e2dcd1c59dcd970d0d87a358af4d6386bb428de88b63e
528,1,1,f6589e854cb9711b3b52d6575412fe55b583cb73b883f5ad8597d0143ab86006
529,1,1,4668115297298c2a8a0db061e46271fa95720050e8a7f45f5433f29c703ac1c1
53,1,1,dc9e4a5f5f30aae877427ee346a47079cdc58d5536410acfa9646450c24475f4
530,1,1,e1135fc328b4aa27f283ccff9538c8e92f7e0b6cc6605d34bc52fc95188ccb0a
531,1,1,f0e74f6f480fecd39838f565f6b77636879b30b0c56a0347cd6b56212306ba74
532,1,1,1bdacf421ee27616e8f0f5635600165ec18d299c30a80ec738dc676f620e0c30
533,1,1,2603d852385423bf87c7d5db47d51d09137a46557a55d6141823168947686cb2
534,1,1,ee19983026206db609bfdc8fa47ac5231b9ed19f33e34d3e8ebb1b3f3b092f75
535,1,1,d1e6b34d5b8a15c308f0ca58aed6916be177188f9bdfde2f52a1a258c859a9c1
536,1,1,072cd9736a2cd02e8b4c15c9530ea2ca8a395df18deb8ae22073d1a94c36e40a
537,1,0,effa15d4267af6997c381995e543f284424640d255ea90bd31d0c849b9fdfbc0
538,1,1,649c44c31d297829b19f5311b91f09037473f67e2ba6fef4279614474e7a8538
539,1,1,22bac1a35db4523b3963c2835d824b3cf4dffd5d9701a3ece874efba836c6cb2
54,1,1,ff4a5fae049d2791e334076a12e680e7db5008a8dda899596a6fc384387c3316
540,1,1,971c2c11808e1367038bb586dd7f7c73eab309cfb27233fb81c22090e68b5049
541,1,1,069ee2060b3eb6554c21a901160e5f0f4f0f6a6f70f7e1b389ac3c937ae66ea9
542,1,1,f67c32cd0dc34faa06dd43b483493fa4256ab7f4c634617613f994e27e28c581
543,1,1,eaa0b8b8f2d5fc4d8bd3d388f93742df6c32b942b28029244fa7c4f25c18f05d
544,1,1,abb9a8bff91ce45990263c8b63087b309e420455487deca5cffa5952879554a1
545,1,1,ac121866c071530791bb950f285dc4d0389e6de2ebe95a79d6ef6074ad84e050
546,1,1,cfb2f16ccfb9c4bf5646697d1249facc41168c74f9efe464171e3ae9e92827c8
547,1,1,55fc48f7018018aaa5e77a4532f8ba4a2e4ad7856d145a80311a4bc6d39346fc
548,1,1,1d1f8e8e57e6f0e54babe7d7df87e30cee20c0f5c4a029a731551100b475adea
549,1,1,e25efa4e808fb4c800e57acc5c92483b2e933cf894f39e76b32658d590cbec38
55,1,1,69aabcf8f26a85a606b8ba9fe4dce2076dc33faf6c61439191731c04affe2f93
550,1,1,a105e813f738582bf5f68468973b8ad719720888600cfb36acadc6285befb4a2
551,1,1,83406d28580756c379e3b69a6db0abbe0725d446f187abadb8918e8b4efccf64
552,1,1,3d2413b4f4c169f5add43087f351c634f035cf8d37eae87931ba552bb27a88b6
553,1,1,9cb2cf916b236108a06e791b0991114933043c298e66417ad654a115dfb8fab7
554,1,1,8af5f7fce82d33439fcf13d21a73e1e287b8b79ac34369c58044be056c0e0cef
555,1,1,78fbf46e170199d645526407f59dc839202b7ccf6ac8674c99d03ed00cebbc42
556,1,1,8e779b2a6dd2f6a065f2ba3c85e62f8cda5f5060500a0ac1dbed1440a00c6c7b
557,1,1,d70548f659894dbb05af2ba65b34d523a755eed7e71ef1a8f9d576ed7b9011d4
558,1,1,215490e748936934926486caa721938cd090ea06784eec8e0d8ecdd9aa668af4
559,1,1,ca2cd110f5498401e84458a5665f779eba1a83bd26366be5a72629f8cd1f3816
56,1,1,b3bcae9195412df7578bb671884d885b58d975590623aac2634ecdc878e77ff0
560,1,1,a32c1772be3670c2f5111978f381305836ddcb65258878a590a2dc44dca52c17
561,1,1,b6c55fb79351656e8aafc58d462ec66f4859e9b41493848c9f21d72529b54e2d
562,1,1,5d3ea9cd3f7cdb86d86b2915f925d056826d2080712c0716278888c0ff230c64
563,1,1,b3bbb99838241bb76ce10c7fc70e915609ffdf5885c19c25adb7bef18880156d
564,1,1,c1cebb3806f90962b527cf6d8f9ae961cf4ff28108a0fe362783255b87e25579
565,1,1,2b07a9ea747f87bb45e1e2af6ebca4eb0e3e36125492bca32a04b6f8ead36864
566,1,1,8ee71f5d19aede85e73001413741db3b1f6580744439701d9616e9416f8863c8
567,1,1,f5302aec1ae60e6a058e0acc624174bd35024ae28057cbfa04c11f02e7d2c417
568,1,1,a1c6c30a84587f46250e5423188596b2ab25fbc28e3b737f3ea1922b024c508d
569,1,1,bf98f0eeb18369d25f8658f8b03d2a2bcf14d20bb2df3df1e9f0c59ad304542f
57,1,1,4dacd41f841ea6c778b04cff20537befe97c9534d68ab004ada842b60e25b197
570,1,1,e0e885d14039ca4e4f73ad62d744ce9d928f03ac2dabc000571cbe8a1ee6017a
571,1,1,35b92b5012ee90498a43353b6773e7fe6801d263ccb13f391c6cf1904f367c45
572,1,1,5e0bacb118055add5c1e56ac51e08b826c86a8eae3c15150fe046102239c2f1d
573,1,1,4cd71caf033cf11cc3ae4a1e7303e6b2a87a7f7b93569dba167d36974210ef74
574,1,1,9a799f2a54f1bc56cc2771f899e5ed92c5637511a17e0ff464500b7e74231910
575,1,1,fafd9d699f3d8f2c80e0baa40bad2284a638acf889baf15643700017913221b8
576,1,1,c55226e03793fbd907d8bfe5cef3a2db3cbf0c0e4a09f9298db0e6160fb09c36
577,1,1,770decb246df4a745572db7860173e4b14ec1ae47761eee692b3db7480b7c3f0
578,1,1,783f114a7d0b85c4a1ee9c7cd840f9906c9c533df6ff32035ed57753ee8aa094
579,0,1,15a19cce2e1beac6b4d67e933f34cba53b00fcfed610c9ed2a560f4ef0839e35
58,1,1,c4a198eae9a3f20f958e6d5844b247093d0c0a6eae5d366d8372ae21e58d03fc
580,1,1,c0e54e274d965700579b0833d3787c161c9c1c1a6356123801ab53ed32c4ddb6
581,1,1,7c9ee65b2876f535c6096e0bc9ba7b9dcd5347fb640748a40b59e3737ba77536
582,1,1,768b8f127e91a19f93161220ada751d114125de3da8dfe4eca42d599cb89a2ea
583,1,1,cfa563ef1fbac740935592ed18f5085d0403669c6b3e6132c9dcda026f19d867
584,1,1,0ca2560f764193807e34bb6f7af8913bceccb73e7c0c2a45dd4a8733c4c5ef63
585,1,1,fc7ba9a8dd85b7130ddcc41a869d8475f28398dc425cec00b635199351a9944c
586,0,1,e3a800a5069623c4d18b872338d0dbd6b082d500f70bf40193a2a951c915cca8
587,1,1,9acc718bab8d819bbe697df6610d6617514efbe09a262679cb761d3e4ea25e8e
588,1,1,a7fec79a19f9286fb1b04340d378769f4f8c810613442cbead84a55c0c456fc0
589,1,1,2ad682f4439dec447f0ea420996d7f5c4e8d852182f6a862b4367979ba2e2dfd
59,1,1,b5772d4ce0260c314724c5266e45f291368d6e70f35f2ec5a8dab3a5184b272e
590,1,1,ac367a2a4cca2d2446922a9dc0106686c7bb8e3453785e33c540d188729e9ffe
591,1,1,09372c0424d7af8e29a639386e4ea83e21cd082d56a3ccb360146fdd0fdee38d
592,1,1,4c40d2d199045e20b119ae56adab68bd1d5709c445e9531362e563d06f9586e7
593,1,1,ee47f9b8a2b74eda83ae2eb023fa7cd72fe07009422777ed1cacde04bc387265
594,0,1,70d3770723f862e7658869a74a435c408ca7fa3db40b506685f7793d8b733853
595,1,1,4e50865accf2a3fef113bb66f6545ad7e243a192926e5f2f103cee21ee983561
596,1,1,e59093dcfa906b1e048afc24ff544c88b3bc8b076b882761db818ff48cca78e0
597,1,1,aa98d3d248bcaf35eb908a9ceb321f226ddf42e08b108d0e034d0fc407ea055b
598,0,0,ab9bdc983eb09df72faae1d3a9030a160ba551706ea206572c84dc9007c2f0a0
599,1,1,5fbda01cd6a37f6bed8621551e5db37726a0617d1f33d9ede6d660416502ad1d
6,1,1,ad77e865997000c6448eea4d4ee79e71dbccbd8b36c4fe31f859f70fb585da5b
60,1,1,eb603ab3717d3583600918cc30ba813454b12c11f2b2a513db148ad3edb263a4
600,1,1,faaf465a19447586c8bc703fc52d589d668cabb72c2a342adbb78c16cd9fdbb9
601,1,1,c83ab62ef63bd7cd54cc52c0e8bbf4a806b5e5b20c9616a8f830b27c2ffd6cd9
602,1,1,adb0ac9b7110422f924f6de53f61cb4cbc2a51d8b378c325f7fb8e31632199f5
603,0,1,9585ee17c6d88711a90f163f73599b1b8faba9f4a3aed50a70cae9185e79c93f
604,1,1,5589bfbbccb6011b376f05ce3fb939c814b4d35f7f26a8bfd7e599311d04972f
605,0,1,0e8bc529e0b57d6276e2b153bdaf4618f1f6046cbc8675132ccafbff7c906641
606,0,0,87ccf99721705ef626a3ec2ad9da3331cf9afd82557b34de30f30f17cb01eafc
607,1,1,0c1fb53a77904862ae082867982100f785e2c5225191f1056ed381d0e964d297
608,1,1,9a97f77f7d1c407e105a7db67e3fc959805ff458fa5258203d5bdb562a228f92
609,0,1,db094e745e0e2966a7fd7993679e173949851fdb83dafa99e746c3b2f884cd6c
61,1,1,5abcae0848a06596265440f6742a3eadef58c05edb76c7bcf77a0c1a6efd0f5b
610,1,1,345b1de29471ee8ae0126b6e5eecd0c38cd326e4cee71e795bf1068d716aa9dc
611,1,1,4b7280d458939c7f4d3009414930cf8dbf820731327645494deef938d859115d
612,0,0,77cae886803c0b373552798a5385903c3f67cb9a7aadb901fdfb4892674e4eec
613,1,1,44d24119200c3dad5003198d063c35c08fddd40b8a965e60db65ed7c7bb7e283
614,0,1,c076bc8efa1453f79987cb59dc3443f4f8730aa04474f474bfd4f596564cb1f1
615,0,0,40b4f55e33bcc7dcf75ccb2dc7ebf914184c686f464c9cb4b7f00f1631236c4a
616,1,1,0270a6701210fcdd04d8dfe1d79af70b8ec4d90899f68dd5bebe00f40384a714
617,1,1,d845c569c3e6c3deaa389b272f310d6ef50826b400d9c40ffaa49c6a56092bad
618,0,1,67fd4cf63e9bda6e00627d0497c66d89e6fef0482de42b72dfce4a3c991b62ed
619,1,1,b0ecbd59f0050b3c2b68bdcad4c122f1370d04b5d5dc327592e66b6cb074c032
62,1,1,280568a92c62af8e2d7360b5726cd89dfe4e60f6c5e4bfcf6e65c311408a4c48
620,1,1,28badac102bb4b474d10ef70fde4dbbf990aa6d9d1eea95468fa95de7920e78c
621,1,1,c5637271ec87efa47051090470f70b88f07949641f27cf8dd3e32cde5509d9f5
622,1,1,9b818191594521f48f1104e958400ab70c45eed49d3d98bab1b0c8f3e85552cd
623,1,1,26f059b912f7ca11f8d852af53399ade453d6a8f009008c928d2d805fef27bd7
624,0,0,c6eecf4aaae7ab04e46f73f9ee64c91341cda5b8f9e420c73d5134f58d66cbe7
625,1,1,77d49e60fbc8dd7f36375ad3834ff7c52f52c467f3904dd08be9dc188dceec2c
626,0,0,3230dbc8c8b9e5b7be8b20b1ee1f9f02f4a88f410cfa9788b481e568bbea2d4f
627,1,1,b880683767714b684c20775416acc7c287b9178838db9f5543e743c54d6c4ddd
628,1,1,efc7038571ae2ecab13396b7eb68b9471afb44bc06c45ffd09c819eb3259cb2f
629,0,0,72ee2c689d7d57c36dd3a9879634ab19ee844d89fcff9773fcd1c0bdb6884691
63,1,1,0d9787121247c719427ca14739bea01bac385a7524b8cc1a2e0c3f06807194fc
630,0,0,0f54d061bff3b406a80f65bb4073da1a98463f49e1c9b75c721a32be30344f30
631,0,0,5147a43cd94e268747e6768cc974a7c45e137d2a61cdc60a536c68ebf178db1d
632,1,1,3525b0a662703ad4af609659d1f9697958c3a81f521fe1274216a04a77d8c986
633,1,1,5152081e24d6728550e1a6e498879a51e941c352450a705960e2f3df2462372c
634,1,1,31c325f92c9caf79f573a171acfc9af5a0519ee7a6cef26cfda3a82b8e3f2a52
635,1,1,046ada4e37894c9f96ab66daa41ac5b9044015342829dc98be8b9d09b46c9f36
636,1,1,f98725bd0abe1a642f16bd6f8e3e15953366ff801292ef4fa00238df78778e0e
637,1,1,bbbf662e08f10635a17bdb1eb18c5002c633d386db0ab3dab6b0e2819323a413
638,1,1,a8d916efb6afd9c3f6a71f85e7a3f588ace59676a728a1811782b022527ce23f
639,1,1,894b5797b4bdc20cc8693d6cb7943f439e5992f1691fb1338d51d5a74fcb6fda
64,1,1,2f04a08e3a93f3f08d7f9cf8b0787f48a373dbba508fc820561a4a9ba3741b65
640,0,1,a21c850f85cf8c96ac1e085df70fe37b54ca695af7ac41002e5cfd45ecff3180
641,1,1,c816c79c04bc2f02be8c92d6984675408c9a1eca4e09e937d7af8eb7a8176c0f
642,1,1,8f4a609855f8a6e288c23e3138a3027622a50c97f32e1c55483012a29aab417d
643,1,1,77cf39635d492a9357125fe346bdaa4f1acd357239b87cf2bc976c78a84dbf2b
644,0,0,c0fd1d999e530275904fae093e5c5902d0717dc2ddfc9aa63e28d5a7257776bb
645,1,1,55ecd01acf587a41278d4dc9e03d409f8f57483230adb602778e04ac4986f1e7
646,1,1,fafe6ed5c6640269dcb0569a380c8d24a6fb2fe26a729d2f49b00e25307cef10
647,1,1,354b254b33f70a4de0d8a3d85c0095532ef1ae049242f9ca54eb6d58afbb8af9
648,0,0,ea53f8a6714bad8fa47b1b3c15f6c3874d79f35db0f43398f412f9bce7323235
649,1,1,256cf19bc372443a5905a3a20b90e3ee990648f18d39248a1fb7d27686dbbbbf
65,1,1,d14a4b76f71fd48ecd15104cae512bc8806a83780fe22a24c3ef60a01fbb7a21
650,1,1,177496927091efd05a3d57fd39f9a18c7faded9dc36f582deb8ae447cb7619fc
651,1,1,17064e72dd4c33199fa14f6c7cdec235eb6c1c523bcdafd661630401c568424e
652,1,1,51538332cedb1d75363f99cdc8fa41266fb172f5eeb259a1a6a409bc0e9dcc09
653,1,1,4772bce08f4534a818764f5062ab9b79334f9c7450e44b816799e59ed6218d44
654,1,1,879567bbd30ad6169f367719a9031246005a59183b221c9be1ccd985815339ba
655,1,1,e6a78a7f1549b2da12105b18469d575800d285c831ecfa5fb6a454d3daedf00a
656,1,1,f94d4501fc9ef52fb9618688d8bb23a11ec1c5875cb4c763daa22d0d3fb43ceb
657,0,1,873e552fcb4980ff01a61c071404c165193cd25cb8764e000f8337f08586cf09
658,1,1,c4f53d9e58c268fd72bb0083c4e3215532df8494a460da48bdc9480f7f594aef
659,1,1,c890cca5b4e5ea704c5ea0929cfb87b695717b34b5dff8d04dc91c966ffec2b5
66,1,1,45f0198828499b512ba94a407418d6a50d69ae20ea32aaf736341a139d4615a3
660,1,1,cb15e3615349ea7612ab2e1337d14d4faf6ca09b56867c400c536c4dd94170ae
661,1,1,84f416cbb50cf539e6f1b424830a00c2d0f5657f8c5d19dbe33ad816cb522642
662,1,1,d0f8eb526626fc28a31e70d42b907182482d4fb7e671ddf8ac1d73361f82ddcf
663,1,1,60a3b7431d9c965d9966bf3a137c667666b2ff982c8843cb366eb71735a5175e
664,1,0,afbd9b95f6db8f0ec15de20c3354112d5e359e3ad87448fb82dd18040d915ff4
665,1,1,cb11ecc7ed774168cfd694aca715e1fa8a0152cc95374ff0426580b279207b8e
666,1,1,f6df90e678e9cc8e655d66bfe80ec2df54121648a490dbb4797c21b5f8e22d6a
667,1,0,f0a93c450485294ed4477bf631a7b201078c7c217618b0d26b70ffc34ae35543
668,1,1,eec8b579bfad0c18639e14c9aa64853067ea89773becb6adb50ad4528030e6d1
669,1,1,8ab18d9e62f120c260e71cd783bfaa1f43de2259f7e82925ae86a744520c1533
67,1,1,3474dd8067f5800160e9c3c7abacf2d272ed3b633c1e29fb7926947d5b009cd6
670,1,1,7e227df9ff00caaa39e2c8b3ae0a45de6b3530fb82cde2560442527f1d9de57b
671,1,1,7d3afab2daf65c5ce61b14189603b042f6daa647f07feec4ac4ee5932a58f195
672,1,1,605a8961c8d535c7181f7f1ef716484677a6921058b9e71fb5fc0a02b62ce84f
673,0,0,02a9d0a904cd340528b75673a792bd4e22e83ff97bdfb15a9c005c563dbdbfd9
674,0,1,2bf3ac939c0e01481015bbe0f2b4b8f0433eeed3281530d6ba341a9f17ae1b9a
675,1,1,302383ed788670a3f1d79ac77d20f404f7f10f82c36dbf4db8aacb690345356f
676,1,1,527a116efe5c20b51f170e3e41e4c88a878091843467e0387c86afb3e44e9e52
677,1,1,818b480667d653be329a7e650501a211926299db0ea3b119b64fefe590b9aeed
678,1,1,c17f6ad149f7f045a4a501b2254d0dda46b4789bbe4fbfda924e579e8f383018
679,0,1,32f208211ff172bbf052d8b6dd1f8ea5147fad3bd1aaafb99e25386d77e3cc63
68,1,1,6f62e5b0c080320493f25940abfd0a9a86f93ad813a624fd3606fc2eff0c0f3e
680,0,1,b154930a349800d832f7e22c197b222ed3911d349da695ef001b495723f362e3
681,1,1,08a1e62330a570d50a2b434e5ff6f64af090b12a994112fb0b837c6af7dee239
682,1,1,054e7f8b5e4141d5eb5032223d3c4a4a934b18b244b9602c1f84f1edc3fb6e26
683,1,1,4b8b8132c204b1c3d9e4c8fd71cc65d45b8b47d8eae8ded40a1e1bf9cb8fd948
684,1,1,199dea4bf343b567c2dc3bc52b10176f2b881b1a56cf957e31b14deac4f7e034
685,1,1,38d3c8e2c324ada833e1a61a1978e568c0b33cedc2b962850d3d1042f2d6ad17
686,0,0,505fb8c9efc427e48dcc03fa02883b2d6d2caf9c96070730cf834cf7480af102
687,1,1,7eb0412fd6a7fd8d4110cc39bd91afa40993d126f1f86191c75ca447f459f329
688,1,1,de4c401f051e7480e84fb6bdc1155eee515c28278e120f4a7ce49a6b209adbb1
689,1,1,bd0c4c8600e92dc4e66189ab1fd118665c10a22d9670fe9ae9d5a906d9c3af99
69,0,1,67ab708aecbe6c2af9d513cbbfa17a9a37a51a65c8ef4b57de81338253570fc3
690,1,1,67967f3f3dd3e26731543c7bd3054555621b7b9358a806df6ed83f69f33652b7
691,1,1,c71c4aab6580de2a74ca223412e991cb44d28963ec7a23057e23a157c77e7898
692,0,1,403930a8332145494f7fa2a002478baa545c7b8ee6c76614d149634a8a7cf1bf
693,1,1,da6b6def97a7b40afb823a9143426906314099286e8ec2f35a001cf7c55f5c69
694,1,1,0338ab86ed0ef3c7f2756cb2b35dd8aa1ce8639bb24bdbb90326deac21a151fd
695,0,1,6c6cd5535db2c745c959656dff3467b5bb05488c8e52cb6cd2d07258afc217f3
696,1,1,929080cf88f295dc23a5301976b2ece3297e0bbd89ee0b09c80ffecf91152298
697,0,1,bfd2b5c6afd08d368134d44f6849862fdee80a245a36ecb9816f6326f1f298f4
698,1,1,8ee963e6d48fac97ae75be6a88a44b88cfe30d49abec821f3291c876d9fb7bce
699,1,1,a705626157eea8f0498c685ac606e350ad9fdc9b692534280a007e66ba313733
7,1,1,2060338e18a24706fb915f534c31b5942b0376efa72bffed64c344d6a8870b24
70,1,1,7a510ab385a62fda2080252cba3850970e5112afd0fede3b757f53976ed108c8
700,0,0,556805d3646b5a06718ae4937ff628ec8264a3b7959efb1b739df330911d65bd
701,1,1,c54ac54e2741e42e12a229b1d51f065b846a8be32dd72d41b3bed89aefe7fbe7
702,1,1,2da31a261448667524bd19980129eb2ce7f826cfa2fa279740609da6e15fc772
703,1,1,5bbe5beb9b90d6a258b1c3362e5bfefb96b52b240bc32c7b4e57aff0972d1f0c
704,1,1,90569234bae62268e946b37421e25b14a84eef9a5911f985b1920bd7ad4e215c
705,1,1,de61b3c6e760fd21cafe11b95fd83cbc5ccd86866eb77019de585fd2425b3ed0
706,1,1,5cff304ad43711c2e19cc23078c9d61e2c9e69d5a8cc09bd8b19094b18186a96
707,1,1,fb8e522246d82bb17c620116b4d327bf3553c3a774224ab41715df19f578185d
708,1,1,d39ce5bba700787a05bd6305705248c7c8bed35222d02518aeadc39d8ba0ce56
709,0,0,a2bd1a96b0b6b1bc3375daad973cdfcd4eb5a69f2371b9ef89476509f7b53ac0
71,1,1,e7f28b69f6a08fa59b7b7ed416f400b5e0ddb9f0aa949f0971d47a8c5d9590a4
710,1,1,43c540a224f2e661512d6aebc2dd0bd60fc5c1b2e946408a479656620403a958
711,1,1,18a03c348a3f25d17a5ecf95fa452edefde5d7ebcf9010cad62d714a613fafd9
712,0,1,ecfbfb5ecaa7efa1787f26acc2c3cfcd43857a08d443dccd2220ad5ef4cdd2d1
713,1,1,ff3b645fa0b8aef6d94eecc708b283a9deef7a739967e57bcd5a650276ca5ced
714,0,1,00dee98c27e7952bd47f18e6978444c92824a88eb23ba0235d024227537e02c3
715,1,1,8d9e059182bf6f5c39c3494d08104c51e2476d752a9336c8f39713412e57ad19
716,1,1,a871cbde3978e0cce3bc2db354bedbe16eb871265c633b9ec0d08a65d24a87fe
717,1,1,10dc61e656c56e875b79749a9aceb09c45ec384592cceb0827e7f6963c99e292
718,0,0,fe26ff8d54ebcf1065c9ea91f13f60662d38abbd85def31098cbddcf1ea7b6a5
719,1,1,40611ffcc2d8e1b1fab05ac9f4452485122145b13b3f233d64fa03f285bfe2bd
72,1,1,7e5037573c81f3bbff63ed86166502be50110c332be65ea696ea506edbd3ed7c
720,0,0,a3c54241fbef591434a9c758b7160e075c0a4c736c50ada0388b8bf92ef07276
721,1,1,74227f19ddd492ce2626eefedbb89415b6f7e56b5959e92a9f3e3e38bec0177c
722,1,1,5247df7a9b11f652c744d49581f38dd7f335b42d94e9f25772229b5240240b55
723,1,0,0b4c7351a152b929f1f4acbb12991e93093753becdafd411d1f460067c454529
724,1,1,8687b61810344061ac4662a4e4ccd67e035380b72139303990b770e505ab0c71
725,1,1,20ae7c62f7cd2ee9d1b2777a7a6add8f4df5fd95a13b1f2e63c387d0d2fed344
726,1,1,720e9779080e1057c9064f43c93a5e6203280ec4b758634b890d5e1406142fc3
727,0,1,eaf478d72b017140f764ca2410400414f4d8f4807dbebd77b10ab4824c329ba3
728,1,0,f116887e388154ac198d1c28df5c4de00f36ee41f30621102189dc7203571def
729,1,1,998faff65196c122d6492a525d13f4825abbe0aedf4e49686983e772a20c2055
73,1,1,47e7ccad47ced161fdfa7dbb24a415028c4159db6167407fd6ffdbae6a2b3525
730,1,1,1cb07cbc271029fab56b5b34705e72d9a3fa274182367b3ea7789fcad3f0be53
731,1,1,c5d32e3d75ed2a95338f639e9601e042259748a77653edffac9df34e05e921e0
732,1,1,9483fb361c107e6d0e94a3c31dfff7a2d7787caba4ff7d3cc0e1853b1a6ad147
733,1,1,2a42f56ca6518b4c77416de14644bc2dd3c94e1e15afeec7026efe698564463b
734,1,1,17cd11f580c5beb040f72cd749469a8b09cd85a0e325cb542882111d4e66685c
735,1,1,20dc8e6f1d979f03b91d2f227c6c0f23924b273c00a881b2c01b1986f7435ba7
736,1,1,9fa4a1a7616f2e9cc73731ce5ae1e26a81c386d5482efcc1986e94fd461f8cff
737,1,1,8a519ec64d05b26207f0759698e1084fa8bab206554f147dbdd4d79a005fa8ae
738,1,1,0836af4b60ff8bc90a0ad950e5d7f6b582eb9d0d833a685dd546855f4061c067
739,1,1,8424e2a9e0c84374efac0a8e4691952d3084a1494ff54c2d6c3d4f55296c8ecc
74,1,1,37f3607bff2cb38f75a588b4945e1df86d6ef389860e8aa859f816e5b5f19ccc
740,1,1,b3cc1af769b725021ea45696322ecea28c6de222d5ee0c9d49ed75ee79a0674d
741,1,1,8d0f7054cc61c239716d39a5cfe58464096548bb0a66ac53c8239f70eb42ad6e
742,1,1,129501b3b780b5c454a02a76943b7cb357b8d9f082717f742a27a7e915d4eba2
743,1,0,ce2ba3d9920fd37d133052d947bd64f91c74900ba6b7d764b5138fc2bd3b2e82
744,1,1,a90b0e0f11a67fe709cd5a1189fe893c6bd146ee598c602a476a417a330314fe
745,1,1,93a3263220996e1d473408c222e6a73b710ce95fd38fdf3af232ab3e0b9b5c7e
746,0,1,6aa9fdbfa599d61494258804dea59ac825de9736553bef3bdad18a33becc08b3
747,0,1,4fa6e8b2d96cd8ea0f0112c2ef35549ffa2a5116695f37a558ccf6034fd6aa29
748,1,0,c2a64f97ba0fe57dd2dd64a4ba75eaad9bde1c36d1889ccc07aa9acb3ccde24b
749,1,1,b86fb858b06d7d88dbfe046e60ecb140f01c6f6dfd821d59e4dacf168f6e66e0
75,1,1,21bb7463f38f8ca6e61faa759213d55c963941d1998398e2791d42704a8b3991
750,0,1,74c3b0f96f75166b28a0bb50b0a8c97e1b1da8ce8514ff03688a0940fb93f4ca
751,1,1,78f34c808bc2fa36742e5e8de43a3e6cea02a68f1c84b7093499832fc83a6026
752,1,1,3403685ae861b0ed4cbaeca7c9487c2d99dbe1d6a1400ec602bdd662e295deff
753,1,1,93a047c8b0cb76a361ccca4e7926ca4e9f6ade4cb6898d143abf678370e2a3c8
754,0,1,f922ed442616c4890432f3b4116b66d3e47a61d0da7696b8f57b57adcd3750ce
755,0,1,d25588cfdf95457991a65462f0295dc7ac10f11641787f692351ce9ad6556d35
756,1,1,80ccf87e87b28663a9e503bad571afe33fb2f850283e5678c2bb07ac165e2f96
757,1,1,4c778a1c985e403590b4b261f32a3c3d96e93f71383ef36a49ee4a12ea5ec060
758,1,1,7c50484cc365d868e70d1f696c88f84e11a13efb0cfbeb6446164b692fe91bbe
759,1,1,4f7f60aff6bfed83e0eeaf69938de3ceb4df06f199a93cdff714b7795b83da17
76,1,1,06a9e45903a3751a43219b13eb09ff720e6af5b382cba05b2ce60ce3c447447c
760,0,0,7debd27c095a87022a583a91fcbd0e5aad875b3046d0aa5ffa651e69d5e47de0
761,1,1,8386605e38592f6d0bb5d1d38b35d68b9a95563ae1b29f092f4c5a36a318fbbc
762,1,1,73b3bd9f77cfb39a28c4f11cb6f8fc6507cb54925ecc4f0f2ec95634db86f5bb
763,0,1,45691621dfa7b20ca732b36479a294131511c119c711e9a271e25ec8179a7b26
764,0,0,2af94cb81e37b723d4b467767ccd6b6c516837f7620546d68bf6576145c00f13
765,1,1,59db065e2bb8c8e64792a59d4e3709d682508810a06e0e500dfedfcb35d34cac
766,1,1,d104c408345ec26a73bfe25136b653b66b58f18694cc8a6862ccc5647cf7c68b
767,1,1,f472714bce01470c67b578540e511dbc59716ab97d8d8104c9c0139d9cd2bfa5
768,1,1,0845b9b5f1a586609c9c9d35e629db0aa2fe1a7fadcc9ac2b7d98b813983c353
769,1,1,2566e6602a90993b980f03ffccced8a0b90bc356f17d20f63072ad5f242b7ae0
77,1,1,5953bbefad53f4e6943e0f8f581e46b777ea1029cdd698bf139541b1e61d479b
770,1,1,16dc1956092b1fc65e0d3ff58875e652bb0046f2211a6e605bf89c4ec5faaa88
771,0,1,198090fe7d730abc2dd8aea9726ad7b9f61ad1541cb2ee33486cb82a4eba0732
772,1,1,145dd8592cf5429ddeae0ae77759690ed7b872750e20e215d8ed24caab171ea4
773,1,1,210ebb744522d16d0381c5f95de18a9f93e8fce8fff3b2f9b93a51212f45d67b
774,1,1,1ef7c4201a4e05e43ae7fbf7024ebcd01957c6a68892eb106a1fcf439ea5e604
775,1,1,4df15c9b39440c4989b180789d09187a95079057a06cf5f7d2c48e48671efedc
776,1,1,b0e96545bb5e390035e957b13dba76f8df12917d1e913f791da4603621fd13f3
777,0,0,721697c8b2c3939e91c8c037ed7f8e070c2038ff54763031d1ae87ad8fe74c8f
778,0,1,06d3d37165c72b960eba55e53444141ea62c6d15caf75b4fca69fa0f92f12cc9
779,1,1,d61da952a7a5e9f136d1fffc4488a7f906cffdbb4f1f12e6c290dd1b9863f2e7
78,1,1,5ec5561b9493666854c903b597756e705ff7be6efe5ae15f791649866cd104eb
780,1,1,148618ddb5d6d43528aa3b04c391fd16710545bdf2df8650fa3a065754e9bcc4
781,1,1,54f8e1d5f7783907cb452d858f7bea8270307c9d40fe3d890f0875c9f1f7eb36
782,1,1,70d55e1ab8c995df055f6a94be72b5906ea313dd656a3b390eb1f0b89375653b
783,1,1,8e688dca3f3436002528be49ca064c37f9125b6a093af678fbdbe029dfdc78e8
784,0,0,53069eae4031425486e330798bbff0c835081a17442bd1fb79f1a907c5ecfecd
785,1,1,788fffe839858681faff213e54b79c3f6887bf20001627b508efab6b06b81597
786,1,1,3b2691cb000c58af941c685f0864af1d3361a5fd75d41932c169612ce35f8cc3
787,1,1,85bbfdcd38ca8bf3cbec34a6ee5483188ed24ab0ffc96f28bc228f07e2ffe55c
788,1,1,06dd71c3161b53c1afab83aee65498907867d75dc08f0e12be2c558eebd5648d
789,1,1,3c07faf24f253a55df82c1f2d52a4620d7e1c7902c1662cb11454384fdecfd37
79,1,1,4a7ce5a311a6e3eb43c3002fbcab7918f68f79a51f945c9a20d76da7fb8304e6
790,1,1,6956ef7c98232a28f5ab760003f9a15b49e4c81b7acd766c88a1d1f45dab1050
791,1,1,f182e25da6b162f5d63c534500f7698cc125be201ec59148994603898573936f
792,1,1,fe32255f6cd00686bfedc33fb64ae0fc4c2cfdc06d05e79e32ab26b422ee1eaa
793,1,1,8db017417662de8536357d7b3e5554bcf0c9af98822fb76314283e7b1b778328
794,1,1,fddfd1d6f1144069b0fcc637e6550d4d76f0acc3a0bf24ad24460cab7059f348
795,1,1,be9b2c9bdd55b58fde40804cef9859693288a719e150a8f132968c649bcea47e
796,1,1,4ad4779c3ad9e770eb07f2dc318c07873bca4d6a59ef3df72ba9fe1a5b514669
797,1,1,afd66b08fc29384a11085103f5e2206d9be717dd695ec0eb4845007abc1b35d5
798,0,0,4f39a63e7a1a6b2246e6e276eeb77f6bf63777d3d9288baa9578b213c7b906ff
799,1,1,c2e2b91746493d2406ffd99538b340a0457e6f709b071820f66d216da895cda4
8,1,1,a351c07e2e2ce3c97d9754f0d8ce5fef723132e9a2d6f79d05a2929da83dabe6
80,1,1,ca81f86749912d4e83f3c486620c8215a14afeb671d6d54bb854da9ca27b1ecb
800,1,1,ad436be7fbe9c26f47da1f4200383cac386a6166082a9d180818c610b4a91aa5
801,1,1,08eae66736cec314b448822e3611fe64aec5069df579944c627733d9a24ead35
802,1,1,fdc096804da003755e866b7c96c4be8636e21e0dafd6d9090ef83b267f91445a
803,1,0,c49ee48b610af06201e105724a0b8d35c11cd47d8c409f48bb71883d52eaef05
804,0,1,e7cd64b86c8026707fa2ef0304801cdb4305067e13448e3e25e9962d38fe5c9c
805,1,1,3653f38275f8ba5a56ff0cac44bd27a65d7aed8a19b9d476bf06f3ab07c5e132
806,1,1,e17db4eb195884f9cebc7cb1822bb0623a47be72948d96d32972db4a7f10e966
807,1,1,afb6d6ee440fb115c4ecdb4b28bc0c2a339c5b3d35831d889df85853d6a2a96b
808,1,1,1f82c5c9c41ab190ef9dd48dd9f169fbf6595dbae8724ceab1f3b67dcafb2b9a
809,1,1,93495f4951121c32077a15eceedf12cb8b1c556384c996cbde17c7b86fcfa986
81,1,1,d8ea793b67b705e5bfc4a43402267e737f12abe73cf34cb1ce0b735b04a927b4
810,1,1,4c4039262a29338d684a519645550c126e468e66bbf905abd9ef3d3cb25be2dc
811,1,1,5afd691bdc19ba77eac5734a535165c3a2d389dce34b58e13b62ea77ed2123fa
812,0,1,786e7e77cd7f2157e7223b4590d1a26a51461dee6d56636d87ee0184c8ed15e4
813,1,1,7dc9227cff64967c5d347ef784af2ec1650d3bffed73d3f2723b2873fd3b91d7
814,1,1,ece8dbd6495e6cf9fab248080ee2f0c141b3655ac1e4ed26cb5de6763f29b656
815,1,1,8979ac6026c833e63be9150b4a241920f61cb19b891da589c2ed67657fd52b34
816,1,1,9fd59e058ea306f05575d2a55ad62b3244c585e06269fc30bff6a13ed865fc97
817,0,1,4c231a8cbf5fb4f2064de6435a1c48c605c8f2c953ef7fcdf7ffa7844ebbf010
818,1,1,e6a07be93ab9db0f6c9623b3f2fd05d8e623818c1410f4aa519cc83b054164de
819,1,1,ca3399ce9f3cbce1481707058aeb631b8a814c4629c5fddd1533c36267b77628
82,1,1,6c39c4c7cea110f25ba40ba1c58e466042384d72238a6e5a28d1e227e451dea7
820,1,0,9e7ca867444fbd7851b75c830865c922fc4a294d30bcbda73fe9d8ffea144964
821,1,1,e5a63331469feca60d02d742f522c23f48ff0ae1060327e7be8455cfc00da288
822,0,0,a5075406f438c4ef2ac7909a131d51eaeebd4405b4a2d5afc717237623f8decd
823,1,1,5e70592e46831a5cc812e7e1d79f554fbdf1812d81eb56e792a7bc225475e5d0
824,0,1,46ffac793571d56e2b9b0367db44c00fdd44cb48df3025409eae4b4d11931507
825,0,0,0b75094fd4ca8351fd55ccd31874b950c51d1ebc702707a33c0b5dc22aa2a150
826,1,1,906ecf647528b88a14c5ead66e6207be33a89d3714af5cbb8946e952323f1fb1
827,1,1,11be6f38e2010e1df0cf80e72e3e3221b6158b420a2e782a09eb27426a5d51e8
828,0,1,c4ba187ffd4eb15c4feec7936198dd659b5b1b4b4e666a1cc0c3a8f4f2541e3d
829,1,1,80161f2df5609cc97fe7fb8c2a23acb8c5c45650c49467d3cc6af3c5bba7167c
83,1,1,5c8b9b607cd8d685b87d800934154a90c3e690ec3ded45205d091e5bda166a66
830,1,1,73e6c25c1a6e488450923b9fe234dae230d8e4f56651cebcf55a07f5257b9c12
831,0,1,2a2374a0731c467fd558c04237f14866da2cf5d0e20c95cb0554f386659a9b47
832,1,0,445b447ba249d7e6ba8ddbca04c2d0259dd341bd8128f943f29f789583ce490d
833,0,0,8dc652d515551f910f6ae1b0ccde40a40e0915f0d85d264baf4fa95a02159a0b
834,0,0,02260fc84800f98fb6964a6131aa556621728fb12de04d455c4c2c6ef4ee39e7
835,0,1,8577766c21695b47f6cc060a7ab2c4671491f2f0f99265e3b267d0c7ae7ac726
836,0,0,5b0dfceedbedcf8af5a776c118cfdd6a255a1594afa67fc3c20f7215a19986e4
837,1,1,83f9ceb1ee77c662fc4ffc74481f411c82824ae9c05296847b86b3e0397ba1d4
838,0,0,45ac2481e01fa1d2a27ba46d6ecb8cfb66eccd22acb9107358eb4a848438cebf
839,1,1,9e12af0e5375cfa2374df597d9902602878106780d16a699e5ad6ccebe8ecf14
84,1,1,1f612b0e75665d6597f88a68c85766003e095cc19998753418535b4edc561594
840,0,1,dd8b39c1b4aae70c3165eac2613b754442d1ff38f555cab2bfcd6a78b47b16e6
841,0,0,c1f3d53a3a0a897b609e707615658611b7506aaea9da11e41a754a026911ecda
842,1,1,5460494462782e912202e505b42b50f0bc4bb0df34c322c3c6c135902e96f07a
843,1,1,594cb7e7e8dd4ad6b119a3819ad6415e19cba50245ef2511402e409e42de2cdb
844,0,0,1f9523bac1c261d2a3d4217b7c0260f89bbe9416ad8d88d893452863c24875ad
845,1,1,2bdd5e60c36d1f9b203852f20f141b35efa291259b37e8a1d5c9914a7928acaf
846,1,1,a785102405f6de67407894f46113320302c5db024ea736f06091c38492a75946
847,0,1,ec5a209d8fa7e89fd1bb88d7c18ffe1075e39671fbda6621780a69d00500d96a
848,1,1,d8078e3d60664e7a8d7e99702d8475b7de22315ede37053e396afc31ec6e6397
849,1,1,76b8e281bda50f76a8b0d849cf98376e1dc7dbb75b805e950a98e0b3432df83a
85,1,1,8a721479e36a5a2817583dfa03f680d22b870cf60bf674b2fc30217ea2b60bf2
850,1,1,0b3b606a10fb91b388eb4553409714887af7b04fe1292329010af0d185007490
851,1,1,63b1f40eee56fa0c2fe7bb044984490bfc449277885579be720c69ad26cae5f6
852,1,1,6b193b40312b587b891b764120719c2d0c3ea19dc75e83bddb6ae021388cc2c5
853,1,1,4b97e09026ae7e9b4172d384ad64e3355dd21f6266a6123bb40a440e8e6eb7c8
854,1,1,c921a666a5fa39e9bc784b6d63e9e427e57c090d4bf617550ef92421e6d85bb1
855,1,1,0944b80a42d71283b2add907b22f78f2c32b7a3839144c29f4b3214fb81e2480
856,0,1,93b1004d3de05bc6d35cddef5563068c314e46a0fa987e5b05eece7e55c4d816
857,1,1,8da125a2f2fa08382abdeda278227d9b7590b9af6e243b9e97f93338dfd35f89
858,1,1,68ade1e5f015c0b4071907154c0712336a5c669c5956e87e158683a7055f4053
859,1,1,22898bf6c774b1309924c01715b81155a51b05851616b447b1d40f0c5edcc64c
86,1,1,53ddfdd2302dd81d24e3d980ce6c1f12ae69edccd67f36c7146aa191aac4ce55
860,1,1,eb852f7d3ba0ab436ab2da98f889bc61eb1f9dc356f264e4d8ec37661f8f6026
861,1,1,c74520d2a0bf4afe5b85b5d3c2fbfcec2881e33e1de2a390d972fea8762df152
862,0,0,c3e493afac6b6f7f09d9de8df61ec6af73b33960f2c5fdb6410c806a0bcac499
863,1,1,2b54ee18a727226ade6c22b6a210d64d3d066f37e16d5f17d1fd24b0697cdd0d
864,1,1,43e8c7f6b01d3ed0575129d32137af9724e0bac45b209bda97d1b7028c11bda0
865,1,1,78c72e6cdeaa475d71cf7cb8210e6efd5db4c2872ee1e529ebfc038f568910b3
866,1,1,6be52391051ba12172b59082479915ce5845bb1a96e811bd1f829a6911714f14
867,1,1,13c7d3753905e16537c64ee0b4174d4f62f8b59789bad1cd19b7d232c739b73a
868,0,0,c03e39c3e037c9650e09cb76d57d73537420b8b370b2ebfe1661010db7bdf09f
869,0,1,5e0006f7f0de2b33879c86ed4cff513007e355e4fed95ab1f6cc500c4774b107
87,1,1,0d9b33feeb249a52017fa8ac8ef3cfa334cd0500fa5e8091b843c1deda0406ba
870,1,1,87ab39db39fe232004bc1f90589bb5b00ee5773a404e06ebb2eec68d20b11698
871,0,1,8d7f6f1e28998fab948d0e6aed691e014df40b0ecb8f30a68bab6d261d9357b2
872,1,1,5fd712ddc22408f07b29ccd897ff4c5c622dd3ae9906deb1224c6abb82dde9f9
873,0,1,6ca230deb7d3f811fb073e8c2a7eac1f04858a364d3b21bacdb0c63ef060c079
874,0,0,42e50982c6d572aec5475178548ba35209d3cfc851a6989aab5740cf99771695
875,1,1,bfe7defbd4f4a40b0061651b1e080e43e512c172704b916714a8fc37a47941fe
876,1,1,5a353585f9d0209d0381b5e7f0c36b6cc3c8928e8fd3b4637402aef2a8faede6
877,1,1,d7367245bf4b030dfde895346711445cda39a9525b5483124c0aa03d4154632b
878,1,1,d37fc731181c3166637701f1dad05c4139522b765edf9411e3cfcbd523b99309
879,0,1,80c5e0987cd159779814f52340af68f51204ba0ca11de0eb742bf2f1821f47a9
88,1,1,a67192a5574af62dc59356e95bc9e85bc6685eddca59fcd3be60df8692302365
880,0,1,c6dfa2ebb80fa815d07138ae15a45c87419ae624787fd6724bc42f416bab774e
881,0,0,73a03271ddd1acb8cb2bc164b62c1a4b42c8e0f1c800f9dccc0c44e1e83ac3f4
882,0,0,d34acf029d4280b24fad2c4444f81035ed8f770be2f7cafdca3a7afbdbfb90ed
883,0,1,23853d268f4a5aeb887c99ba73988ff978ec9875e7f26868e45cfbbfe2c66b0e
884,1,1,5a66138d9ca3609ae857b4c6f949bf7f57f7cb7df27de049b0334cde5be82795
885,0,1,8b6be85333f3a42184b6cebfed55c19595aa884f73f9376e6d6de36e61a3d5e1
886,1,1,ce3d44ba3dce5d500739962f5e2d4788b4f36419e5077998d97a8f23f1f8f529
887,1,1,4606d1c97630c4df460decaa88bff3aace7993d34dbc5835df382fd7ccaee8f5
888,1,1,42b58d7a10783929f3855c83177891613d76fab05911ef84278be5f1c6a953aa
889,1,1,4d927eae2f0d8f29fc0af79f83f49df9a04d76bb1df5471374d23a75517dbd39
89,1,1,40183bd81655794aa345b2d5853a76bbcbb52afdf833e33cb5f61d9af89fcabb
890,1,1,a9aa9689b0cf7f6ec8f5f3c09ff44e7f51daf29aca61695d4d0e4f3074aa0001
891,1,1,0dbbf0e5b674c8119eca659a9e252cdee6a61afa26c3a4933e3fda6157531ff5
892,1,1,ca8f56d1e9c1832097e5010934e1aa73b2263b569a28970fbe96b7a1d2af2a3b
893,1,1,ca88d0679579eb8f54ded4323e95b880e33e273dfa9edd3c1754216f498a6c5a
894,1,1,37a2a74a377d2e5e7fb75658f9d732d6a841b55d6eb59710540304827ca2eca3
895,1,1,1357e933f692083b0ae676e1b42c3e10b7761e7bdab3ed1e34563403de5e938d
896,1,1,0f40cfaba7cba86e275819317bb6009929bed936178b493209fb32eb4b52f6dc
897,1,1,6ad3c21f4bafe6aeb3908241b68eaf25a74d776cc1ce68eed96cc2fa23689773
898,1,1,76539bbd287c30b5cfeb6340aa64df44a77906f9317c87383c9f5fc9c3218e79
899,1,1,9f737b0d8b59f53ffe986434dd39fefa8d3c648499c47cf13c067d1eba112c6d
9,1,1,3b1c4ed588cd3495a6d6c51ab3726700ba33ed7246cd3b5e35b7d75a0304be0c
90,1,1,50de1534da1709323d1c33ae5f597872f48b924be4db4bd4e9f68c9d41404267
900,1,1,5ebe6f994990c70d5b316f0da543794496d5fdf91cf89a0967b667ee4bea028d
901,1,1,8a339248575b322cd2a2f8574200b02d9286b76d6abd6e3a9ce53929836ac224
902,0,1,5470c9bf87407ae4fa07b7dfd0739e03e2aeebdf4870841c8bcb4a9cc9d1a384
903,1,1,356a305493c3b1d03feb3648227e8034546e4a880902c522a3bcadf25fd93865
904,1,1,140237796b799f4c775ef879b7a0669085e8a24ecb0bcf4f1f23b958eb251b87
905,1,1,a9fba6b426037aaa7d23ad1f696b44eb478065deb935a78226efe88ec9df1a45
906,0,0,cadfb85703759eb8f3347e6b63b96550708eb1254831095a792058b04c0540a3
907,1,1,665be44c5aa52fedd0e4c4f39b8a0f82f598dfad358a910205a2aa2d24cfc0fb
908,1,1,8170b34afdd9b200f826a0ced13ee5859eb047a00d3cd57e12b729c49cc10f40
909,1,1,995ad9368cffa0d98dfc666a2b19b82740b0d11b92a45fcd1b237a6943cbd252
91,1,1,e5375af5678dd7250f41f97e0152a4da1382cdd84dc4e3479eb798f0d1cbbe52
910,1,1,324e000f1c149743a2833f1cd034f38b5417cafac15dba92aeefa393bc2c0fbd
911,1,1,f26a86b5803628a548593aef6395737b4cc01baac5360c1e33f6b7a7333033dd
912,0,0,914b76fb1399ec390bcce594f38cfb46add445fb288066763e916efac3a13b48
913,0,1,e5cdfe6da56533e0a7dd5eb9c7d8b1b82a05497f970d8808f6014de345396fe0
914,1,1,5abeee45b1907d2976b8d051adcf4f71adb754b65c20ac868ebfabe4bdffaa58
915,1,1,20c6e1bf4ffbbf96ff831ce726d70d8d783a418d12d275b0548b34c511869676
916,1,1,903d9d9e8cbcbbc786a246bcbbd3832c5381735d3c78540837bbfdc7ef5dfa9a
917,0,1,4e6a2694c0eedd887f6282216f6bab2c793ee640e8fc05f71e59aba097d1ea19
918,1,1,32f740ab80bc33dc921cb73c6d4012951753a881e2976b78e9214b526ddc548e
919,0,0,f539140e52cf1bf5d4bce5fbf286daa29c6bb042ea6ca1f6416226618f2b94bc
92,1,1,036940406d088bd12d065b8e8ec3c29e78a97453e73c51f489849a37699a48fc
920,0,0,97a2ab816b342ffd855d1b60c53b697381fbf217604a12e1afbca0b7da836bf7
921,0,1,86c04913b210141b347777ddd4759ee2071b49ab5d9d22393469d8f3bdbe3af8
922,1,0,b02b78120a6be909ac424d9a8bd36c48e141daeb0b9fbb13a0e58aa2c0c72d99
923,1,1,382ea2c7fb010454aa8688fd346d6c72b21f1ddf628b902ca6451b8b94c8e4e5
924,1,1,dc9ac2c6b1bf32b86c1247f9c03ca8e11d4630ee8606334b8486bfa460faa554
925,1,1,2fa8fcc72e7e05e12493621ef1bae8ba28928026a3637582b6ec6a4b7ddba7fa
926,1,1,bb944753bad64571ca4c3862782f60c4a0bf13280b61495ae4c69fd9cb49c586
927,1,1,6c75abd8bfc482f3656d2624b29f15026277c575b3e185c5c6160ff534dc9a58
928,1,1,59e08f47647bf5eb77a6077a0792d7e0cf2871654c9960c9bd9fd1e221486383
929,1,0,62c2ba8bae6eb2a78a4490a4bf73760a72a5176b98dce18b8cea44e2ce7efe17
93,1,1,80cd2620f0c01cd2845f04fa8645b6df383fd87aa7926578e273fcda420d3881
930,1,1,f639d3257481ac1449ef2398ea60ab207c4a3fbb00f28d2baabc3d098a27afc8
931,1,1,8478412d2ca0a98485672e0d36466c835a7aa6a3ab26231281d0e550f1ebfb14
932,1,1,6c8ab1dd853210b5faf939d22d13ebe95027530e8682405c5b8e8ca0b6f5dc93
933,1,1,9c69ad574e3b42fa2c38e4580a9e73d9739c57fc414e59cf13b5583649f80d8b
934,0,0,5cf1d4623e8fae5033739f5309e78ddf163b7d8ffae91c3976da2c029cb7b432
935,1,1,418b616e2590827d39dda5f31abf79ae27a4c9fbf9404f6a176aa061684bdd64
936,1,1,298d3005948afd949896461b923cc682a47c1089353a7a7df3dd9df301bf6d76
937,1,1,339424ad74d568e52f49dfb0df4189f96c2f02db09ed0cae7e6de76b128faa93
938,1,1,5abcd488ebfb944657c2455dac9d46ad03955c057c9b18c2c64d285edc127ba9
939,0,0,0bf6fc23370bb60ded4b774a369b6231e062ba8df5f3d3c17cfab3e8a0891455
94,1,1,c71fec8f51c814cddc8ae463f39f666ebc98c55ed4f41a8eb43dec6fe0a793c4
940,0,0,cf7fef7bb1856b08eba66f7a1dbbbab6c55b6540e625c95e14ca530bd1c2844f
941,1,1,c03c87ec145c11a83e86e370bfd5265aa557a28688d793515b0b476184d48d37
942,1,1,b6736f9609ebf5da8e9e43372e19df9aec4979269012520de912534c29b4849b
943,1,1,52f8d057b2790020a17e2695d1341b463f30957eddf235c73d117d89c0366e2c
944,1,1,f70956753b5e6a7457be81efcf55b41fa789a6c799272223896a863deee62e28
945,1,1,d52cdf362237d307d8d4839c1f26616c3f03f516cf6596026498cbed2e9505a9
946,1,1,a3f22c4bf87abf50c7259a1efe7ef2695bbefaf3089457e69e854beb161d7bcb
947,1,1,82449f7eff28069d188ae9609dc04bb56a0a80fb0e24c9408a79f0a62a265f0a
948,1,1,48d139cd2a7b91fa0038a38c563eb8a4263e0b0d2965c882cb117e1397bf567a
949,1,1,5206dd99f9d800508f309b66eac1f9f0a3cf44163ddcabd3cd69135354e1e038
95,1,1,803cc0b13a2e705fd270ee1068fa3a01ea644fde31866d84455a6938cf0334c6
950,1,1,27694614ddf8eb00d386616e50f40cd09f870413543814a1430ca353d2b03acc
951,1,1,c8d5b03a01fd8c71682093313eaa357965b02fc1d36b0e260d799a1d7b181775
952,1,1,fa541e22f10ff8db054a26864bc36f53cfe47dc78f7e511c5344f05fb1c53520
953,1,1,176e7b6f6e3c9d42358edc16b5f4b554e93f97b7d14e5e6fd43bf8fa14f20cb4
954,1,1,25c83c6edcd975c52ca836b09a5a9a0019a1d00529f6df839e37e6dfaf49f381
955,1,1,b0a6bffa58d1bc22112606bb1d7159a5352cee849b0d0147a34c044781d58940
956,0,0,f7e8a9fbc7a909843962290b14b54eefc48a5ad742358cde69dfeb16814e8959
957,1,1,8b7a415d3fa19ac0413c6db58a5bddbd2934767e71437ab29872d111877f766c
958,1,1,6611043cd32fe70adb215020ce48157e74abf891aad2adf0e8310a774e784800
959,0,0,2c30c0a0150042360471fdee2d26f4d73fce813238af69e854a83bc1a7589279
96,1,1,3cf5b774ebe8589675aebd9529fb1802024f07e4dddc67b9f7a7952d0d107d03
960,1,1,bb80d33fdff03f1538697b85ee3cbadd7c0eb1c0af9e5c83f0d9188667de0747
961,0,1,86b8078a1731bf7d5a6253d25c4f755963fa06533941fb0ed37acc4d5b2cfc63
962,1,1,53437a512b3dd3e919cd9021f03e9872fcae1c6fde0931bfde86b4eee4dcf9cd
963,1,1,70572a35a735b56f87afb639009057cecab2e8383864d085a65dc47b6906fa5d
964,0,1,771ddd3aa05085ecf0ae4cf78832b84d7c94104766654bda966782eb7ea65f17
965,1,1,8d82b1d2a1131677ace4e33492cdf90e0b7abf14b3caeafa367384f648d675b1
966,1,1,e9de6b9fc6ee47fd3459464a5733cba910955971d76085980d208cb97d82a1bb
967,0,1,da87c62045e7026d2714175f53ce318343e53c17ff87b246528fb51698a5dadd
968,1,1,22129bb4372fc83d5533654041750ee38690a3ea4236c34ae9d4cb535d834c0f
969,1,1,6ae4fd8df43e22da5ca44d1fb99fe8cd51a288f62fec6a32027999e6892daa7c
97,1,1,e10f4d478a1e9de04b64bc05fc5f35080035a324b0eb5f5f636e3cb2662087d2
970,1,1,b7e5a60ac9f215288cd47c65cc778f95157ed76ba3705f69b7c3e07b7cb376f3
971,1,1,b21711e7bf13ebb577a20c2761978eeab1d6e6458f5cbab4f4f627835aaa6b24
972,1,1,5bd35e4edef473de720922703f6a51bcf56f2225c93080451b93d0bea9715d5b
973,0,0,2a78c579dc5c5131b0446ed39156c6775ce9d41f0754172cd9275f97b34b1afd
974,0,1,7f7896b07f7c9ad8a2737d7a1851720f71d50767c980c0f00d92e0844b935f17
975,1,1,e1366ff47c340fbfe33600ede66e032dd5c4bc42c64b7b0cdb09fc6bf8418ce7
976,1,1,ed93243e70da77c7db77233cedac608e332b245ac9c58ab0d8ade6d91ae8edb0
977,1,1,ef472dc5a167d6411489f808ca107416f402186322a198d5a0406e036855d144
978,1,1,1b0550ed2c0c00ed84209fc8bda62d834127ed5bff271d1ac54d72bac5f72725
979,1,1,e797de942b6af2906731115786339c0063f280e8d3ddb2bdb19dfa909d7ada43
98,1,1,3ef5596bc8641006358c094fcd14a444546ef13ec0012c0c9019af0798340bc1
980,1,1,c3f3e2ba8a76218fe600963138bb5b2b93dfe7fc34daf3b07691adf3b8ad9031
981,1,1,10211c066a61afafdc478d3155142f45b954658a553addfa427e68d3c13795df
982,1,1,6a9658f2c302f98cad471bb79e3a53260b0cecfc19649e69ee54beea27ede5a5
983,1,1,440963ad231753d2cfc23054abfa4bffa727ca996329faed87dccee01fa9a566
984,0,0,a563e0f0c938ac71c67d2110ee1d37a26251efed1700577079c01a20c312295c
985,1,1,5f4a23c1ac59fe87c41c0e9b736971a68e19729f0bc6dff3d1e8cb9c62871f1c
986,0,1,8fd380c44ee893126fc7f3f4df69333570b0621c94698550f4d0668c0f9b4466
987,0,1,d0cb4fc96f30eb8cc90ae697edd932f351407c50a9c4d6e9d07001bac3d11456
988,1,1,0a2e607efb1ed47001008442190ab8a7333fb4982f5d22362203e03f3f8dac09
989,1,1,39bb5354d3874c77f25349c5a716f3abbdffe5157c24e4e92c4d14c5a4ceb173
99,1,1,6f2e7c0014b75986427459898971f27fd2e730deeee3aad4cf5983d4cd3650de
990,1,1,59a234d648acb68b1156e338565f714e4eeb15ed53c588fe10704183cd1ca769
991,0,1,c4f1f8c0f2182cfa8967056c21fd148ae0a79325337d0d57dff6fbf1b383dfd7
992,1,1,6f882c9485a16a2f5f65dc0e23d1ee68a7612deb031b78b7412195fb1ebfcfba
993,1,0,0a7692c6491fb273534accb78ac52b37c619630a5eecdf02a099051ba13254b9
994,1,1,4ab1a26406d1b2887e82ebd90075e2ff2e4f8013865c4d9578e9fe003e6f54b0
995,1,1,8cc521b695dbd7b1384506d5b8d993db4292447adf3ce0c6eb569c0b10a95586
996,1,1,f4eb9bc9eabefa5ca405dc6ed8c9453529556aa6073b3379cb6f17a028f173d4
997,1,0,5321573a2f5a981b2baddb68346676eb27b3309d352270bdbda48958a09c7a2c
998,1,1,b99ac310d2f2f0f266a54bbd985a69b555f8a5a775a0edbbc8d70311d09251e1
999,1,1,90cbdaf953495993137ee256a36c1e4eeb6a762ded9ad2f8a2876efc2b285a4c
