prompt_id,category,subcategory,prompt,explanation
2,Cultural knowledge,Plant,The small purple berry used to flavor cassis liqueur in France,"The intended answer is blackcurrant. The image should show clusters of small dark purple to black berries, preferably on a currant stem or beside a bottle/glass suggesting crème de cassis, rather than generic grapes or blueberries."
7,Cultural knowledge,Animal,A black-and-white bear that serves as a conservation symbol in China,"The intended answer is the giant panda. The image should show a large bear with black eye patches, black ears, black limbs, and a white body, preferably eating or near bamboo, making the Chinese conservation-symbol animal clear."
10,Cultural knowledge,Life,The official currency used in the island nation governed from Tokyo,"The intended answer is the Japanese yen. The image should show Japanese yen banknotes or coins with the yen symbol ¥, Japanese script, and recognizable Japanese currency styling, rather than generic money or another Asian currency."
14,Cultural knowledge,Craft,A traditional Japanese craft known for repairing broken pottery with visible seams of gold,"This refers to kintsugi. The image should show a cracked ceramic bowl, cup, or plate repaired with conspicuous gold lacquer lines following the fractures, making the repair visually central rather than hiding it. It should not be generic pottery or plain gold decoration."
15,Cultural knowledge,Religion,The elephant-headed face of the Hindu deity known as the remover of obstacles,"This refers to Ganesha. A correct image should show a divine face or bust with an elephant head, large ears, a trunk, and Hindu devotional ornamentation such as a crown or tilaka. It should not be a normal elephant, a generic human deity, or a Chinese mythological figure."
22,Cultural knowledge,Animal,An endangered black-and-white bear that is a major conservation symbol of China,"The intended answer is the giant panda. A correct image should show a stocky bear with white body fur, black ears, black eye patches, and black limbs, ideally with bamboo, making it clearly a panda rather than a generic bear or other black-and-white animal."
30,Cultural knowledge,Religion,"The Hindu god with an elephant head, often shown at the start of new ventures","The intended answer is Ganesha. A correct image should clearly show a divine figure with an elephant head, a human-like body, large ears, a curved trunk, and traditional Hindu iconography such as a crown, ornaments, lotus, sweets, or a mouse companion; a generic elephant or ordinary person should not pass."
39,Cultural knowledge,Celebrity,The iconic moment of Sir Edmund Hillary reaching the top of the world's highest mountain,"The intended answer is Sir Edmund Hillary at the summit of Mount Everest. A correct image should show a mid-20th-century mountaineer in heavy expedition clothing standing on a snowy high-altitude peak, with mountaineering gear and a summit pose suggesting Everest; it should not show an astronaut, the Moon, or a generic hiker on a small hill."
47,Cultural knowledge,Religion,The sacred bull mount of Shiva in Hindu tradition,"The intended answer is Nandi, Shiva's sacred bull. A correct image should show a white or pale bull, often seated or standing calmly, adorned with garlands, bells, or decorative cloth, and placed near a Hindu temple or shrine context, not an eight-legged horse or a generic farm bull."
51,Cultural knowledge,Plant,A tropical fruit with bright pink scaly skin and white flesh dotted with black seeds,"The intended answer is dragon fruit, also called pitaya. A correct image should show an oval or round fruit with vivid pink or magenta scaly outer skin and a cut interior of white flesh filled with many tiny black seeds, rather than a generic tropical fruit."
55,Cultural knowledge,Art,"The abstract painting style of Piet Mondrian, built from black grid lines and blocks of primary colors","The intended answer is a Mondrian-style De Stijl composition. A correct image should show a flat abstract grid of thick black vertical and horizontal lines with rectangular areas filled mostly in white plus primary red, yellow, and blue blocks."
65,Cultural knowledge,Life,The ancient Chinese invention among the Four Great Inventions that transformed books and calligraphy,"The intended answer is paper. A correct image should show handmade sheets of paper, scrolls, or a papermaking frame in an ancient Chinese setting, possibly with brush calligraphy nearby. It should avoid focusing on fireworks, explosives, weapons, or modern printer paper as the main subject."
67,Cultural knowledge,Religion,"The first guru central to Sikhism, represented respectfully without showing his face","The intended answer is Guru Nanak represented through respectful symbolic cues. A correct image should avoid a direct facial portrait and instead show Sikh visual identifiers such as the Ik Onkar symbol, a radiant empty seat or devotional setting, a turban-like cloth or scripture stand, and warm sacred light indicating reverence. It should not show Prophet Muhammad, a mosque scene, or an unrelated generic saint."
74,Cultural knowledge,Craft,A Japanese craft known for repairing broken pottery with visible seams of gold,"The intended answer is kintsugi. A correct image should show a cracked ceramic bowl, cup, or plate repaired with bright gold lacquer seams following the fracture lines, making the repaired cracks the decorative focus; it should not show ordinary unbroken pottery, silver jewelry, or random gold decoration without crack repair."
79,Cultural knowledge,Craft,The ancient Egyptian writing material that made scrolls possible,"The intended answer is papyrus. A correct image should show pale tan papyrus sheets or a rolled scroll made from reed-like strips, ideally with ancient Egyptian context such as hieroglyphs or Nile reeds, rather than modern paper."
83,Cultural knowledge,Celebrity,The Soviet cosmonaut remembered as the first human to orbit Earth,"The intended answer is Yuri Gagarin. A correct image should show a Soviet-era cosmonaut in a space suit or helmet near a Vostok-style capsule or orbital Earth backdrop, with cues such as CCCP-style markings, rather than a generic astronaut moonwalk."
91,Cultural knowledge,Plant,The blue agave plant traditionally cultivated in Mexico for making tequila,"This refers to blue agave. The image should show a rosette of thick, pointed, blue-green succulent leaves, ideally in an agave field, and should not look like grapes, berries, cactus pads, or a generic houseplant."
94,Cultural knowledge,Plant,"A spiky tropical fruit from Southeast Asia, famous for its strong smell and creamy flesh, often used in desserts","The intended answer is durian. A correct image should show a large oval tropical fruit covered in sharp greenish-brown spikes, ideally split open to reveal pale yellow creamy flesh, making it distinct from generic spiky fruit or jackfruit."
96,Cultural knowledge,Animal,A black-and-white bear that serves as a major conservation symbol in China,"The intended answer is the giant panda. A correct image should show a round-bodied bear with white fur, black ears, black eye patches, black limbs, and ideally bamboo or a Chinese conservation context, not a generic bear."
97,Cultural knowledge,Celebrity,The iconic moment of Edmund Hillary and Tenzing Norgay reaching the summit of the world's highest mountain,"The intended answer is the first successful ascent of Mount Everest by Edmund Hillary and Tenzing Norgay. A correct image should show two mountaineers in 1950s-style cold-weather climbing gear standing on a snowy Himalayan summit, with ice axes, ropes, oxygen equipment, and a high mountain peak setting."
110,time,Longitudinal time,The portable cassette player with foam-covered headphones that symbolized personal music listening in the 1980s.,"This refers to a Sony Walkman-style cassette player. The image should show a small rectangular portable cassette unit with visible cassette door or tape window, mechanical buttons such as play and stop, and lightweight foam-covered headphones connected by a cord. It should not look like a smartphone, a CD player, or a desktop stereo."
111,time,Longitudinal time,The chain-driven three-wheeled children's vehicle that became a common nursery toy in the late nineteenth century.,"This refers to a Victorian-era tricycle. The image should show a small pedal-powered three-wheeled vehicle with a large front wheel or balanced tricycle layout, metal frame, pedals, handlebars, and a child-sized seat. It should not look like a two-wheeled bicycle, a modern plastic toddler ride-on, or a high-wheeler penny-farthing."
114,time,Longitudinal time,The two-cornered military hat associated with Napoleonic officers.,"This refers to a bicorne hat. The image should show a formal felt military hat with the brim folded upward into two pronounced points, creating a crescent or boat-like silhouette often worn front-to-back or side-to-side. It should not look like a three-cornered tricorn, a flat cap, a shako, or a helmet."
116,time,Longitudinal time,The two-wheeled self-balancing personal transporter that appeared as a futuristic commuting device in the early 2000s.,"This refers to a Segway-style personal transporter. The image should show a rider platform between two side-by-side wheels, an upright handlebar stem rising from the center, and a compact electric self-balancing design. It should not look like a bicycle, a kick scooter, a motorcycle, or a hoverboard without a handlebar."
126,time,Longitudinal time,The covered horse-drawn stagecoach used for long-distance road travel in the American frontier era.,"This refers to a stagecoach. The image should show a large enclosed passenger coach body, four substantial spoked wheels, high suspension or leather thoroughbraces, a driver's bench, and a team of horses harnessed in front. It should not look like a Roman racing chariot, an open farm wagon, or a modern automobile."
129,time,Longitudinal time,The handheld personal digital assistant with a stylus that symbolized mobile computing before smartphones.,"This refers to a PalmPilot-style PDA. The image should show a small handheld device with a monochrome touch screen, several physical buttons below the screen, and a thin stylus used for tapping or handwriting input. It should not look like a desktop PC, a laptop, or a modern full-screen smartphone."
132,time,Longitudinal time,The feather writing instrument used by medieval scribes before steel dip pens became common.,"This refers to a quill pen. The image should show a long bird feather with a hollow shaft cut into a pointed nib, often beside an inkpot and parchment manuscript. It should not look like a reed pen, a metal fountain pen, a modern ballpoint, or a paintbrush."
133,time,Longitudinal time,The two-pointed hat associated with Napoleonic officers in the early nineteenth century.,"This refers to a bicorne hat. The image should show a formal hat with the brim folded upward on two opposite sides, creating a long two-cornered silhouette often worn front-to-back or side-to-side with military dress. It should not look like a three-cornered tricorn, a flat-brimmed hat, or a helmet."
141,time,Longitudinal time,The light two-wheeled horse-drawn racing cart used in ancient Greek Olympic contests.,"This refers to an ancient Greek racing chariot. The image should show a very light open two-wheeled horse-drawn vehicle with a small standing platform, large spoked wheels, a low protective rail, and one or more harnessed horses. It should not look like a heavy farm cart, a four-wheeled carriage, or a modern wagon."
143,time,Longitudinal time,The two-cornered military hat favored by Napoleonic officers in the early nineteenth century.,"This refers to a bicorne hat. The image should show a formal hat with the brim folded upward on two opposite sides, producing a long two-pointed crescent or boat-like silhouette associated with Napoleonic-era uniforms. It should not look like a three-cornered tricorn, a flat-brim hat, or a helmet."
144,time,Longitudinal time,The translucent all-in-one desktop computer that became a design icon of the late 1990s.,"This refers to the original iMac G3-style computer. The image should show a rounded all-in-one CRT computer with a bulky curved back, translucent colored plastic casing, a built-in screen, and a separate matching keyboard or mouse. It should not look like a beige early IBM PC, a flat-panel monitor, or a laptop."
145,time,Longitudinal time,The one-large-wheel pedal vehicle popular among daring riders before chain-driven bicycles took over.,"This refers to a penny-farthing or high-wheeler bicycle. The image should show a bicycle with one enormous front wheel, a very small rear wheel, pedals attached directly to the front wheel hub, and a high saddle above the front wheel. It should not look like a safety bicycle with two equal-sized wheels or a modern road bike."
147,time,Longitudinal time,The wedge-shaped stylus pressed into clay tablets by Mesopotamian scribes.,"This refers to a cuneiform stylus. The image should show a small reed or wooden tool with a squared or triangular wedge end being pressed into a soft clay tablet, leaving wedge-shaped impressions arranged as cuneiform signs. It should not look like an ink pen writing lines on paper, a feather quill, or a brush."
156,time,Longitudinal time,The horse-drawn passenger coach used for long-distance travel on rough roads before railroads spread widely.,"This refers to a stagecoach. The image should show a sturdy enclosed passenger coach with four large spoked wheels, a high driver's bench, luggage or baggage space, and a team of horses harnessed in front. It should not look like a Roman chariot, a farm wagon, or a modern bus."
161,time,Longitudinal time,The four-wheeled covered passenger coach associated with eighteenth-century aristocratic travel.,"This refers to a horse-drawn carriage or coach. The image should show an enclosed passenger cabin suspended above four large spoked wheels, with a driver's seat or box at the front and harnessed horses pulling it. It should not look like an open racing chariot, a farm cart, or a modern automobile."
169,time,Longitudinal time,The pocket music player with a click wheel that became emblematic of digital music in the early 2000s.,"This refers to an iPod Classic-style music player. The image should show a small rectangular handheld device with a screen above a circular click wheel control, a simple white or metallic face, and headphone connection or earbuds. It should not look like a smartphone, a cassette Walkman, or a desktop computer."
171,time,Longitudinal time,The early pedal-driven motorcycle whose exposed engine and bicycle-like frame marked motor transport in the 1900s.,"This refers to an early motor bicycle. The image should show a lightweight bicycle-derived frame with thin spoked wheels, handlebars, pedals or crank hardware, and a small exposed gasoline engine mounted in or near the frame. It should not look like a modern enclosed sport motorcycle, a scooter, or an ordinary pedal-only bicycle."
187,time,Longitudinal time,The wax tablet and pointed tool used for note-taking in ancient Rome.,"This refers to a wax tablet with stylus. The image should show a shallow wooden tablet or hinged pair of tablets filled with dark or colored wax, with a pointed stylus used to incise letters into the wax surface. It should not look like papyrus with ink, a parchment book, a chalk slate, or a modern notebook."
196,time,Longitudinal time,The steam-powered two-wheeled road vehicle with a large front wheel and trailing small wheel built in the late nineteenth century.,"This refers to a steam velocipede or early steam motorcycle. The image should show a bicycle-like two-wheeled frame with a visible small boiler or steam engine mounted on it, metal pipes or a cylinder, and nineteenth-century spoked wheels. It should not look like a pedal safety bicycle, a modern gasoline motorcycle, or a high-wheeler without an engine."
199,time,Longitudinal time,The tall black silk hat that became a marker of formal men's dress in the Victorian nineteenth century.,"This refers to a top hat. The image should show a tall cylindrical hat with a flat crown, a narrow horizontal brim, and a smooth black silk or felt finish, suitable for Victorian formal wear. It should not look like a tricorn, a bicorne, a bowler hat, or a military helmet."
201,Space,Viewpoint and Scale,"A transparent glass shelf seen from below, with a toy airplane, a seashell, and a paperback book resting on top from left to right","The intended answer is an underside view through the glass shelf. The toy airplane should be on the left, the seashell in the center, and the paperback book on the right as objects sitting above the transparent surface, with slight glass distortion or reflections making the below-shelf viewpoint clear."
205,Space,Viewpoint and Scale,"A floor-level low-angle view of three garage objects: a soccer ball nearest the viewer, a toolbox behind it, and a bicycle farthest back","The intended answer is a low floor-level perspective in a garage. The soccer ball should dominate the near foreground, partly blocking or overlapping the toolbox behind it, while the bicycle should sit farthest back and appear more distant, making the depth and perspective scaling clear."
207,Space,Viewpoint and Scale,"A pottery wheel viewed from the potter's seat, with a lump of clay on the wheel, shelves of finished bowls ahead, and a studio window beyond","The intended answer is the potter's own seated viewpoint at the wheel. The lump of clay should be directly in front on the pottery wheel, the shelves of finished bowls should stand ahead beyond the wheel, and the studio window should be farther beyond, rather than showing the wheel from the side."
208,Space,Relative Position,"A mouse, a cat, a pony, and an elephant, with the shortest animal nearest the viewer, the tallest farthest away, and the two middle animals kept between them in increasing height","The intended answer orders the animals by increasing height from front to back. The mouse should be nearest to the viewer as the shortest, the cat should be behind it, the pony should be farther back after the cat, and the elephant should be farthest away as the tallest."
217,Space,Relative Position,"A thimble, a teacup, a bucket, and a bathtub, with the smallest container nearest the viewer, the largest farthest away, and the two middle containers between them in increasing size","The thimble should be nearest to the viewer as the smallest container, the bathtub should be farthest away as the largest, and the teacup and bucket should occupy the middle depths in increasing size. The depth arrangement should clearly progress from thimble, to teacup, to bucket, to bathtub."
218,Space,Viewpoint and Scale,"A chandelier seen from directly underneath, with a gold bell nearest, a white globe behind it, and a black cone farthest away","The chandelier should be viewed from directly below so the undersides of the hanging ornaments are emphasized. The gold bell should be nearest and partly block the white globe behind it, while the black cone should be farthest away, making the depth order visible from the underneath viewpoint."
224,Space,Viewpoint and Scale,"A small art studio seen from a doorway on the left wall, with an easel on the far wall, a stool in front of it, and a rolled canvas in the back-right corner","The art studio should be shown from an oblique doorway angle on the left wall, not from a centered straight-on view. The easel should be against the far wall, the stool should sit in front of the easel, and the rolled canvas should occupy the far back-right corner so the room layout remains spatially judgeable."
238,Space,Viewpoint and Scale,"A dance studio scene seen only in a wall mirror, where a dancer holds a pink fan in the right hand and a green water bottle sits on the floor to the dancer's left","The mirror view should reverse left and right. The pink fan held in the dancer's real right hand should appear on the reflected left side, and the green water bottle physically to the dancer's left should appear on the reflected right, while the image still clearly reads as one wall-mirror reflection in a studio."
242,Space,Viewpoint and Scale,"The underside of a transparent aquarium lid, with three decals that read fish, shell, and crab from left to right when viewed from above","Because the decals are attached to the underside and the viewer is below the transparent lid, the apparent left-right order should be reversed from the above view. The lid surface should be visible as glass or plastic overhead, and the fish, shell, and crab decals should look stuck to that lower surface rather than floating."
243,Space,Viewpoint and Scale,"A hotel corridor seen through a room door peephole from inside, with a housekeeping cart centered, an exit sign on the left, and an ice machine on the right","The scene should be framed by a circular peephole with noticeable fisheye distortion around the edges. The housekeeping cart should remain centered in the corridor, the exit sign should appear on the left, and the ice machine should appear on the right within the peephole view."
244,Space,Relative Position,"An ant, a lizard, and a horse, with the smallest animal closest to the viewer, the largest farthest away, and the remaining one in the middle depth","The ant should be nearest to the viewer as the smallest animal, the lizard should occupy the middle depth, and the horse should be farthest away as the largest. The front-to-back order should make the size progression clear while keeping all three animals identifiable."
253,Space,Viewpoint and Scale,"A low ground-level view of a garden path with a watering can nearest the viewer, a wooden bench behind it, and a birdbath farthest back","The watering can should dominate the near foreground and may partially block the bench behind it. The wooden bench should occupy the middle distance, and the birdbath should be farthest back, making the ground-level perspective and occlusion easy to judge."
255,Space,Viewpoint and Scale,"A drum kit viewed from the drummer's seat, with the snare drum directly in front, cymbals beyond it, and an audience stage curtain farther ahead","The scene should be from the drummer's own playing position rather than from the side of the stage. The snare drum should be closest and centered in front of the viewer, the cymbals should stand farther beyond the drums, and the audience-side stage curtain should be farthest ahead."
259,Space,Viewpoint and Scale,"A hallway mirror reflecting a coat rack behind the viewer, where a red scarf is physically on the left hook and a blue hat is physically on the right hook","Inside the hallway mirror, the coat rack should appear left-right reversed. The red scarf that is physically on the left hook should appear on the reflected right, and the blue hat that is physically on the right hook should appear on the reflected left, while the surrounding hallway can remain secondary."
262,Space,Viewpoint and Scale,"A dance studio scene seen only in a wall mirror, where a dancer holds a yellow ribbon in the left hand and a green water bottle sits on the floor to the dancer's right","The intended image is a single mirror reflection with left and right reversed. The yellow ribbon physically in the dancer's left hand should appear on the reflected right side, while the green water bottle physically on the dancer's right should appear on the reflected left side. The scene should clearly be viewed only through the mirror."
277,Space,Relative Position,"A roller skate, a kayak, and a cargo ship, with the smallest transport item nearest the viewer, the largest at the back, and the remaining one in the middle depth","The roller skate should be nearest to the viewer as the smallest transport item, the kayak should occupy the middle depth, and the cargo ship should be farthest back as the largest. The image should preserve both the identities of the items and the front-to-back size order."
282,Space,Relative Position,"A ladybug, a frog, a goat, and an elephant, with the smallest animal nearest the viewer, the largest farthest away, and the two middle animals kept between them in increasing size","The ladybug should be nearest to the viewer as the smallest animal, the elephant should be farthest back as the largest, and the frog and goat should occupy the middle depths in that order. The front-to-back layout should clearly follow increasing animal size from foreground to background."
285,Space,Viewpoint and Scale,"A bicycle handlebar mirror reflecting the road behind, where a green parked van is on the left side of the road behind and a white dog is on the right side","Inside the bicycle mirror, the road-behind scene should appear left-right reversed. The green van that is physically on the left side behind the rider should appear on the reflected right, and the white dog that is physically on the right should appear on the reflected left, while the handlebar and mirror make the viewpoint clear."
290,Space,Relative Position,"An acorn, a pumpkin, and a hay bale, with the smallest object closest to the viewer, the largest farthest away, and the remaining one in the middle depth","The acorn should be nearest to the viewer as the smallest object, the pumpkin should occupy the middle depth, and the hay bale should be farthest away as the largest. The front-to-back order should make the real-world size progression easy to judge."
298,Space,Viewpoint and Scale,"A dance studio scene seen only in a mirror, where a dancer holds a pink ribbon wand in the right hand and a yellow gym bag sits on the floor to the dancer's left","The mirror view should reverse left and right. The pink ribbon wand held in the dancer's right hand should appear on the reflected left side, and the yellow gym bag that is physically to the dancer's left should appear on the reflected right, while the whole scene should clearly read as one mirror reflection."
303,Biology,Behavior,A touch-me-not balsam plant immediately after its seed pod has been brushed,"The intended image is a ripe Impatiens seed pod that has burst open after touch, with the pod valves curled back and small seeds scattered or flying away. The visual should show the rapid touch-triggered plant response, not a normal intact seed pod."
304,Biology,State,A crested porcupine confronted by a hyena at night with its quills raised,"The intended image is an alarmed porcupine with its long quills standing erect and fanned outward toward the threat. The porcupine should look defensive, with body enlarged and bristling, while the hyena or predator is nearby but not attacking successfully."
324,Biology,Behavior,A three-banded armadillo curled into a tight ball while a fox sniffs nearby,"The image should show the armadillo's armored shell forming a nearly complete ball, with the head, legs, and soft underside hidden inside. A fox or similar predator may be nearby investigating, but the key visual evidence is the tight defensive curling that presents only hard armor outward."
325,Biology,Behavior,A praying mantis poised to strike a fly on a leaf,"The image should show the praying mantis in a tense predatory posture, with its raptorial forelegs raised or folded forward and its head oriented toward a nearby fly. The mantis should appear still and ready to lunge, making the moment read as preparation to attack rather than feeding after a capture."
328,Biology,Behavior,A Venus flytrap snapping shut around a fly after its trigger hairs are touched,"The image should show a Venus flytrap trap in the act of closing or partly closed around a fly, with the two lobes moving together and the marginal teeth interlocking or nearly interlocking. The scene should make the rapid plant movement in response to touch clear, not just show an open plant or an insect sitting nearby."
329,Biology,State,Top-down close-up of a sea star on wet rock showing five-part radial symmetry,"The image should show an adult sea star viewed from above, with five arms radiating evenly from a central disk. The overall body plan should clearly read as five-part radial symmetry rather than a random blob, damaged animal, or many-armed species."
340,Biology,Behavior,"A walking catfish crossing wet grass after rain, propped on its pectoral fins with its body out of water","The intended image is an amphibious fish moving on land. It should show a walking catfish fully or mostly out of water on wet grass or mud, with its body supported and pushed by stiff pectoral fins and wriggling posture. The scene should make clear that a fish is locomoting across land rather than swimming."
344,Biology,Behavior,A red mangrove tree crab climbing exposed roots above the waterline at low tide,"The intended image should show a crab out of the water on red mangrove prop roots, using its legs to cling and climb in the air while the tide is low. The crab should be visibly above the waterline on wet roots or mud, demonstrating an aquatic or semi-aquatic animal adapted to moving and remaining active on exposed intertidal surfaces."
345,Biology,State,An African lungfish encased in a dried mud cocoon during the dry season,"The intended image should show a lungfish inactive inside a hardened mud chamber or cocoon, with cracked dry mud surrounding it and only a small breathing opening or body outline visible. The scene should convey dry-season estivation: the animal is dormant and protected from drought rather than swimming in open water."
349,Biology,Behavior,A sea turtle resting at a coral reef cleaning station while cleaner fish pick at its shell and skin,"The intended image should show a sea turtle holding still near a coral reef while small cleaner fish cluster around its shell, flippers, neck, or head, visibly picking at algae, parasites, or dead tissue. The turtle should appear calm and stationary, making the scene read as mutualistic cleaning behavior rather than predation or random schooling."
356,Biology,Behavior,"Eastern phoebe nest under a porch ledge containing four eggs, one of them a noticeably larger speckled brown-headed cowbird egg","The intended answer is brood parasitism by a brown-headed cowbird. The nest should contain several host eggs and one clearly mismatched egg that is larger and differently speckled or colored, making the parasitic egg visually identifiable among the clutch."
359,Biology,Behavior,Pitcher plant with a fly trapped inside the tubular leaf beneath downward-pointing hairs,"The intended answer is a carnivorous pitcher plant trapping insect prey. The image should show a tubular pitcher-shaped modified leaf with a fly inside the chamber, slippery rim or fluid visible, and downward-pointing hairs or inner walls preventing the insect from escaping."
360,Biology,Behavior,Leafcutter ants forming a pheromone trail from their nest entrance to a fresh piece of fruit on the forest floor,"The intended answer is ant recruitment by a pheromone trail. The image should show many ants moving in an organized line between the nest entrance and the food source, with ants traveling both directions along the same path rather than scattered randomly."
371,Biology,State,An African lungfish in a dried seasonal pool during the peak of the dry season,"The image should show the lungfish inactive inside a hardened mud chamber or burrow, wrapped in a pale mucus cocoon with only a small breathing opening visible. The surrounding pool bed should be cracked and dry, making clear that the animal is surviving heat and drought by estivating rather than swimming actively."
372,Biology,State,Iron-deficient lemon tree in a small orchard,"The image should show a lemon tree with young leaves displaying interveinal chlorosis: the leaf tissue is yellow or pale while the veins remain distinctly green. The newer growth should be most affected, and the tree may look overall pale or weak while still bearing recognizable lemon-tree features such as citrus leaves or fruit."
380,Biology,Behavior,A lowland streaked tenrec curled defensively with spines raised near a predator,"The image should show a lowland streaked tenrec curled or hunched tightly with its sharp yellow-and-black spines raised outward. Its vulnerable underside and limbs should be mostly hidden, and a predator or threat may be nearby without making contact. The scene should convey prickly defense, not normal foraging."
386,Biology,State,"A porcupine confronted by a coyote, photographed side-on with its defensive posture visible","The porcupine should appear alarmed and defensive, with quills raised and bristling outward, back hunched, and tail or rear oriented toward the coyote. The pose should convey piloerection-like spine raising and threat display rather than a relaxed animal walking normally."
390,Biology,State,Grape vine leaves showing magnesium deficiency in a vineyard,"The image should show a grape vine with magnesium deficiency symptoms: older leaves should display interveinal chlorosis, with yellowing between veins while the veins remain green, often beginning on lower or older foliage. The plant should still be recognizable as a grape vine, with lobed leaves and vine structure, and the pattern should not be uniform yellowing of the entire leaf."
393,Biology,State,Microscope view of the lining of a human small intestine showing villi,"The intended answer is a magnified view of the small intestinal lining with many finger-like villi projecting into the lumen. The villi should appear numerous, delicate, and closely spaced, increasing absorptive surface area, not like a smooth tube wall or a few large folds only."
396,Biology,Behavior,Praying mantis poised to strike a fly on a leaf,"The intended answer is a praying mantis in a predatory pre-strike posture, with its body oriented toward a nearby fly and its raptorial forelegs raised or folded ready to snap forward. The mantis should look focused and still, not already eating the prey or wandering randomly."
403,Physical Knowledge,Physical Properties,"A warm coffee mug just lifted from a chilled glass tabletop, highlighting the mark left behind","The intended image should show a circular foggy condensation imprint on the cold glass tabletop where the warm mug had been sitting. The mug should be nearby or just lifted, and the table surface should show a clear round ring or disk-shaped patch of mist matching the mug base."
406,Physical Knowledge,Mechanics,A solid brass cube and an equally sized foam cube placed on opposite pans of a balance scale,"The intended image should show the balance scale strongly tilted toward the brass cube because it is much denser and heavier than the same-sized foam cube. The pan with the brass cube should be low, and the pan with the foam cube should be high, with both cubes visibly similar in size."
412,Physical Knowledge,Mechanics,A standing rider on a city bus when the bus suddenly stops hard,"The intended image should show the standing bus rider lurching forward toward the front of the bus as the bus brakes suddenly. Their torso, arms, or belongings should be pitched forward while the bus interior indicates abrupt deceleration, demonstrating inertia: the rider's body continues moving forward when the vehicle slows."
413,Physical Knowledge,Optics,"A tennis ball held very close to a frosted desk lamp, casting a shadow on a white screen across the room","The intended image should show the tennis ball near the frosted lamp and a large shadow on the distant white screen with a small darker central umbra and a broad fuzzy penumbra around it. Because the lamp is an extended light source and the ball is close to it, the shadow edge should be soft and gradual rather than a single sharp outline."
416,Physical Knowledge,Electromagnetism,An LED connected to a coin cell battery using two aluminum foil strips,"The intended image should show the LED glowing while its two leads are connected to opposite sides of a coin cell battery by aluminum foil strips. The foil strips must visibly complete the circuit, demonstrating that aluminum is electrically conductive enough to carry current and light the LED."
417,Physical Knowledge,Physical Properties,"A water-soaked cotton glove left outside in subzero weather, highlighting its shape after freezing","The intended image should show the cotton glove frozen stiff, holding a rigid hand-like shape with fingers sticking out rather than sagging limply. Ice or frost on the fabric and a cold outdoor setting should make clear that water in the glove has frozen, turning the flexible cloth into a stiff solid form."
421,Physical Knowledge,Optics,A distant shimmering false lake on a sun-baked airport runway on a clear hot day,"The intended image should show an airport runway that is actually dry, with a wavering, mirror-like blue patch in the distance resembling water and faint inverted reflections of sky or runway lights. The key visual evidence is the low-angle shimmering distortion just above the heated pavement, indicating an inferior mirage caused by refraction through very hot air near the ground."
436,Physical Knowledge,Thermodynamics,"A hot frying pan with a copper strip and a glass rod extending from it, each far end topped with a small piece of wax","The intended image should show the wax on the far end of the copper strip visibly melted, glossy, or dripping, while the wax on the far end of the glass rod remains mostly solid and retains its shape. This contrast demonstrates that copper conducts heat much better than glass, so heat travels along the copper to melt the wax faster."
442,Physical Knowledge,Physical Properties,A handheld barbecue lighter at the instant its trigger is squeezed near an unlit candle wick,"The intended image should show a bright electric spark jumping at the lighter tip next to the candle wick, with the first small yellow-orange flame just beginning to catch on the wick. The visual emphasis is the momentary high-voltage ignition spark produced by the trigger mechanism, not a fully burning candle alone."
448,Physical Knowledge,Electromagnetism,An LED connected to a coin cell battery through two dry wooden sticks,"The intended image should show the LED remaining dark even though the wooden sticks touch the LED leads and battery terminals. The dry wood should be visually recognizable as the connecting material, demonstrating that the circuit is not conductive enough to power the LED."
456,Physical Knowledge,Optics,"A tennis ball held very close to a bare desk lamp, casting a shadow on a white screen far behind it","The intended answer is a tennis ball shadow with a small dark central umbra and a much larger fuzzy penumbra on the white screen. Because the ball is close to an extended light source, the edge of the shadow should be broad and soft rather than sharply outlined."
467,Physical Knowledge,Thermodynamics,"A bimetallic strip in a fire alarm heated by a small flame, with the copper side on the outside of the curve and the iron side on the inside","The intended image should show a bonded two-metal strip bent into a clear arc after heating. The copper layer, which expands more than iron, should be on the longer outside of the curve, while the iron layer should be on the shorter inside, demonstrating differential thermal expansion."
470,Physical Knowledge,Mechanics,A beam balance holding a brick on one side and a similarly sized foam block on the other side,"The intended image should show the beam balance tilted downward on the brick side and upward on the foam block side, demonstrating that two similarly sized objects can have very different weights because of different density. The balance must not be level; the heavier brick pan should clearly sit lower while the foam block pan is higher."
472,Physical Knowledge,Optics,"A small seashell at the bottom of a clear aquarium filled with water, viewed from above at a slanted angle","The intended image should show the seashell appearing displaced from its true position and seeming shallower or closer to the water surface than it really is. The aquarium walls, water surface, and possibly a grid or patterned base should make the refraction visible, rather than the shell appearing perfectly aligned as if seen through air."
475,Physical Knowledge,Physical Properties,A transparent cell containing concentrated limonene placed between two crossed polarizing filters on a light table,The intended image should show light passing through the limonene-filled cell even though the two polarizing filters are crossed at 90 degrees and would normally appear dark. The transmitted region should be visibly bright or colored because the optically active chiral liquid rotates the plane of polarization.
478,Physical Knowledge,Optics,"A tennis ball held very close to a glowing frosted lamp, casting a shadow on a white screen far behind it","The intended image should show the tennis ball's shadow on the screen with a small darker central umbra and a broad soft penumbra fading outward. Because the frosted lamp is an extended light source and the ball is close to it, the shadow should be large and blurry-edged rather than a perfectly sharp circle."
481,Physical Knowledge,Mechanics,A spinning bicycle wheel held by its axle while the support stand is tilted sideways,"The image should show a rapidly spinning bicycle wheel whose axle maintains a stable orientation even though the stand or holder beneath it is tilted sideways. The wheel should not simply flop over with the support; its spin axis should visibly resist changing direction, demonstrating gyroscopic stability and conservation of angular momentum."
487,Physical Knowledge,Thermodynamics,"A chunk of dry ice placed in a warm metal bowl, highlighting the vapor around it",The image should show solid dry ice producing a dense white fog that spills over the warm bowl and drifts downward. The intended answer is visible sublimation and condensation caused by extreme cold: carbon dioxide leaves the solid phase while nearby water vapor condenses into fog around the dry ice.
488,Physical Knowledge,Mechanics,"A basketball launched from a player's hands at a 45-degree angle, traced through the air toward the hoop","The image should show the basketball following a smooth parabolic arc after release, rising to a highest point and then curving downward toward the hoop. The intended answer is projectile motion: once airborne, the ball keeps moving horizontally while gravity accelerates it downward, so the path should not be a straight line."
491,Physical Knowledge,Mechanics,A balanced mobile sculpture with a large metal sphere hanging close to the pivot and a small wooden bird hanging far from the pivot,"The image should show the horizontal bar of the mobile level or nearly level even though the metal sphere is much heavier, because it hangs close to the pivot while the lighter wooden bird hangs much farther away. The visual answer depends on the unequal distances from the fulcrum producing equal torques."
506,Chemistry,Solution Chemical Reaction,Baking soda solution after red cabbage indicator has been stirred in,"The image should show the liquid shifting to a blue-green or greenish color, indicating a basic solution. The mixture should remain fairly clear and uniform, with no required precipitate or bubbling; the main visual cue is the alkaline color change of the cabbage indicator."
513,Chemistry,Metal Corrosion,An aluminum strip after exposure to moist air,"The intended image should show an aluminum strip whose shiny metallic surface has become dulled by a thin gray-white oxide layer. The coating should look matte or slightly chalky in places while the strip remains structurally intact, demonstrating surface oxidation/passivation in humid air rather than red rust."
520,Chemistry,Solution Chemical Reaction,An iron nail immersed in copper sulfate solution,"The intended image should show an iron nail in blue copper sulfate solution with reddish-brown copper metal depositing on the nail surface. The blue solution should look paler or slightly greenish near the nail as iron displaces copper from solution, making both the coating on the nail and solution change visible."
522,Chemistry,Solution Chemical Reaction,Sodium carbonate solution after red cabbage indicator has been mixed in,"The image should show the red cabbage indicator shifting to a blue-green or greenish color throughout the sodium carbonate solution, indicating a basic solution. The mixture should remain fairly clear and uniform, with no required precipitate, foam, or gas; the main visual cue is the alkaline indicator color change."
529,Chemistry,Metal Corrosion,Freshly cut sodium metal after a few minutes in air,The image should show sodium metal losing its shiny silvery freshly cut surface and developing a dull white or gray crust from rapid reaction with oxygen and moisture in air. The correct depiction should emphasize surface tarnishing/corrosion rather than rust-red corrosion or remaining mirror-bright.
535,Chemistry,Chemical Properties,Copper sulfate crystals after they have completely dissolved in water,"The intended image should show a uniform clear blue solution with no visible copper sulfate crystals remaining at the bottom or floating in the water. The blue color should be evenly distributed throughout the liquid, indicating the salt has dissolved rather than staying as solid grains."
536,Chemistry,Metal Corrosion,Galvanic corrosion between aluminum and brass in salty water,"The intended image should show aluminum electrically connected to brass while both are exposed to salty water, with white-gray corrosion products and pitting concentrated on the aluminum near the contact area. The brass should remain comparatively clean and yellow-gold, demonstrating preferential corrosion of the more reactive metal in an electrolyte."
539,Chemistry,Solution Chemical Reaction,"A strip of silver in a colorless zinc sulfate solution, highlighting the state of the solution and the silver strip","The intended image should show a silver strip remaining clean and shiny in a clear, colorless zinc sulfate solution. There should be no gray or metallic coating growing on the strip, no bubbles, and no cloudiness, because silver cannot displace zinc from zinc sulfate solution."
540,Chemistry,Metal Corrosion,Aluminum metal after sitting in concentrated nitric acid,"The intended image should show the aluminum surface covered by a thin, pale, dull oxide film while remaining largely intact, with little or no ongoing bubbling or deep corrosion. The coating should appear protective and passivating, indicating that concentrated nitric acid forms an insoluble oxide barrier on aluminum rather than causing continuous attack."
548,Chemistry,Solution Chemical Reaction,A copper wire placed in a solution of zinc sulfate,"The image should show a reddish copper wire sitting unchanged in a clear, colorless zinc sulfate solution, with no metallic coating, no bubbles, and no visible precipitate. This demonstrates that copper cannot displace zinc from zinc sulfate under these conditions, so both the wire and solution remain visually unchanged."
552,Chemistry,Metal Corrosion,An old copper roof after decades of outdoor weathering,"The intended image should show a copper roof covered with a green to blue-green patina rather than bright reddish copper shine. The surface should look aged and chemically weathered, with verdigris-like coloration across exposed areas, not orange-brown iron rust."
555,Chemistry,Metal Corrosion,An aluminum sheet after immersion in concentrated nitric acid,"The intended image should show the aluminum sheet largely intact with a thin dull gray or whitish passive oxide film on its surface, rather than vigorous ongoing dissolution. The acid may be shown in a beaker, but the key cue is a protective passivating layer that prevents heavy corrosion, with little or no bubbling."
558,Chemistry,Combustion,A burning zirconium strip inside a sealed glass jar filled with carbon dioxide,"The intended image should show the zirconium continuing to burn inside the carbon-dioxide-filled jar with a very bright white-hot glow or sparks, plus white oxide smoke and possible black carbon residue nearby. The scene should not look like an extinguished ordinary flame; it should show that this reactive metal can keep burning by reducing carbon dioxide."
566,Chemistry,Chemical Properties,Hydrogen peroxide solution stored in an amber bottle away from light,"The intended image should show a clear, colorless hydrogen peroxide solution in a brown amber bottle or protected container, with no bubbles, foam, or visible decomposition. The key visual cue is that protection from light leaves the solution apparently unchanged and transparent."
570,Chemistry,Solution Chemical Reaction,A platinum wire submerged in dilute sulfuric acid,"The intended image should show a shiny silver-gray platinum wire immersed in a clear, colorless dilute sulfuric acid solution with no visible reaction. The platinum surface should remain smooth and metallic, with no bubbling, no dissolving, no tarnish, and no color change in the liquid, demonstrating that platinum is a noble metal that does not react with dilute sulfuric acid under ordinary conditions."
581,Chemistry,Metal Corrosion,A clean aluminum strip after several days in moist air,"The intended image should show an aluminum strip that is no longer mirror-bright but has a thin, dull white-gray oxide coating on its surface. The coating should look like a protective tarnish rather than orange rust, with the strip still keeping its shape and metallic edges visible."
582,Chemistry,Chemical Properties,A bottle of bromine water stored in the dark,"The intended image should show a clear orange-brown bromine water solution in a dark or amber bottle, with no faded color, no cloudy precipitate, and no visible decomposition products. The key cue is that protection from light leaves the light-sensitive solution visually unchanged and transparent."
585,Chemistry,Solution Chemical Reaction,A piece of chalk just after acetic acid is dropped onto it,"The intended image should show bubbles forming directly on the chalk surface where drops of acetic acid touch it. The chalk should remain recognizable as a white solid, but the wet contact area should be visibly effervescent because carbon dioxide is being released from the carbonate reaction."
598,Chemistry,Combustion,A lit match left inside a sealed glass jar filled with nitrogen gas,"The intended image should show the match flame extinguished inside the nitrogen-filled sealed jar. The match head may be charred and a faint wisp of smoke may remain, but there should be no stable yellow flame because nitrogen does not support combustion and oxygen has been excluded."
599,Chemistry,Metal Corrosion,An old aluminum window frame after years of outdoor weathering,"The image should show the aluminum frame with a dull silvery-gray to chalky white oxide film on its surface, especially on exposed edges and corners. It should not show orange-brown rust flakes; the intended answer is weathered aluminum with a pale aluminum oxide layer rather than iron-like rust."
